Case,Point_Index,True_Strain,True_Stress
01_001_20,1,0.0,0.0
01_001_20,2,0.00499,381.04634
01_001_20,3,0.00996,785.59858
01_001_20,4,0.01489,1045.80086
01_001_20,5,0.01981,1049.31196
01_001_20,6,0.0247,1053.68136
01_001_20,7,0.02956,1056.95807
01_001_20,8,0.0344,1060.26623
01_001_20,9,0.03923,1063.64415
01_001_20,10,0.04402,1066.59314
01_001_20,11,0.0488,1069.60011
01_001_20,12,0.05355,1072.75988
01_001_20,13,0.05828,1075.56699
01_001_20,14,0.06298,1078.67453
01_001_20,15,0.06767,1081.20454
01_001_20,16,0.07233,1084.12849
01_001_20,17,0.07698,1086.43992
01_001_20,18,0.0816,1089.11726
01_001_20,19,0.0862,1091.06716
01_001_20,20,0.09077,1093.52654
01_001_20,21,0.09533,1095.32898
01_001_20,22,0.09987,1097.34917
01_001_20,23,0.10438,1099.48911
01_001_20,24,0.10888,1100.53116
01_001_20,25,0.115,1106.51921
02_001_500,1,0.0,0.0
02_001_500,2,0.01073,442.11184
02_001_500,3,0.01153,458.67098
02_001_500,4,0.01239,477.972
02_001_500,5,0.0133,496.24287
02_001_500,6,0.01439,513.09636
02_001_500,7,0.01555,527.86544
02_001_500,8,0.01675,539.61267
02_001_500,9,0.01805,548.09166
02_001_500,10,0.01943,552.61264
02_001_500,11,0.02091,552.34409
02_001_500,12,0.02241,546.85082
02_001_500,13,0.02394,548.96637
02_001_500,14,0.02554,550.24277
02_001_500,15,0.0273,551.34736
02_001_500,16,0.02918,552.87049
02_001_500,17,0.03101,553.87014
02_001_500,18,0.03286,555.2606
02_001_500,19,0.03489,556.76707
02_001_500,20,0.03688,558.04001
02_001_500,21,0.03874,559.19792
02_001_500,22,0.04054,560.05151
02_001_500,23,0.04256,560.86087
02_001_500,24,0.0445,561.37219
02_001_500,25,0.04638,561.80136
02_001_500,26,0.04825,561.96222
02_001_500,27,0.05013,562.05459
02_001_500,28,0.052,562.01985
02_001_500,29,0.0539,562.247
02_001_500,30,0.05564,562.43401
02_001_500,31,0.05726,562.56738
02_001_500,32,0.05901,562.86249
02_001_500,33,0.06086,563.1276
02_001_500,34,0.06271,563.56545
02_001_500,35,0.06441,564.02438
02_001_500,36,0.06615,564.49835
02_001_500,37,0.0679,564.95242
02_001_500,38,0.06975,565.38053
02_001_500,39,0.07148,565.77665
02_001_500,40,0.07316,566.11701
02_001_500,41,0.07479,566.37786
02_001_500,42,0.07664,566.57395
02_001_500,43,0.07844,566.77783
02_001_500,44,0.08018,566.79437
02_001_500,45,0.0819,566.62565
02_001_500,46,0.08364,566.25601
02_001_500,47,0.0854,566.27535
02_001_500,48,0.08723,566.14603
02_001_500,49,0.08893,566.03436
02_001_500,50,0.09059,565.75222
02_001_500,51,0.09231,565.31762
02_001_500,52,0.09415,565.06059
02_001_500,53,0.09595,564.52028
02_001_500,54,0.09773,563.8612
02_001_500,55,0.09944,563.26944
02_001_500,56,0.10121,562.31273
02_001_500,57,0.10305,561.05126
02_001_500,58,0.10483,559.56292
02_001_500,59,0.10649,558.39016
02_001_500,60,0.10821,556.85932
02_001_500,61,0.11001,555.45681
02_001_500,62,0.11189,553.81929
02_001_500,63,0.11366,551.82867
02_001_500,64,0.11544,549.90698
02_001_500,65,0.11723,547.88842
02_001_500,66,0.11911,545.41284
02_001_500,67,0.12101,542.83288
02_001_500,68,0.12281,540.10851
02_001_500,69,0.12463,537.21187
02_001_500,70,0.12651,534.14358
02_001_500,71,0.12846,530.90428
02_001_500,72,0.13035,527.49461
02_001_500,73,0.13218,523.91519
02_001_500,74,0.13405,520.16666
02_001_500,75,0.13603,516.24965
02_001_500,76,0.138,512.1648
02_001_500,77,0.13986,507.91274
05_001_800,1,0.0,0.0
05_001_800,2,0.00626,106.96965
05_001_800,3,0.00651,106.869
05_001_800,4,0.00678,106.74541
05_001_800,5,0.00709,106.63412
05_001_800,6,0.00735,106.48955
05_001_800,7,0.00758,106.32412
05_001_800,8,0.00785,106.13172
05_001_800,9,0.00813,105.93254
05_001_800,10,0.00834,105.71618
05_001_800,11,0.00864,105.49849
05_001_800,12,0.00885,105.2708
05_001_800,13,0.00909,105.0507
05_001_800,14,0.00938,104.81537
05_001_800,15,0.0096,104.55784
05_001_800,16,0.00984,104.30233
05_001_800,17,0.01,104.06096
05_001_800,18,0.0103,103.81471
05_001_800,19,0.0106,103.59213
05_001_800,20,0.0108,103.37157
05_001_800,21,0.011,103.14118
05_001_800,22,0.0113,102.88855
05_001_800,23,0.0116,102.65149
05_001_800,24,0.01178,102.43288
05_001_800,25,0.01194,102.23238
05_001_800,26,0.01231,102.01188
05_001_800,27,0.01259,101.81242
05_001_800,28,0.01286,101.59473
05_001_800,29,0.01318,101.40153
05_001_800,30,0.01344,101.20885
05_001_800,31,0.01373,101.01783
05_001_800,32,0.014,100.83889
05_001_800,33,0.0143,100.66655
05_001_800,34,0.0146,100.48554
05_001_800,35,0.015,100.29584
05_001_800,36,0.0153,100.12863
05_001_800,37,0.0156,99.98992
05_001_800,38,0.0158,99.83874
05_001_800,39,0.0161,99.69417
05_001_800,40,0.0164,99.52994
05_001_800,41,0.0166,99.37003
05_001_800,42,0.0169,99.20287
05_001_800,43,0.0171,99.04807
05_001_800,44,0.0174,98.90333
05_001_800,45,0.0176,98.76031
05_001_800,46,0.0179,98.63258
05_001_800,47,0.0181,98.49876
05_001_800,48,0.0183,98.35655
05_001_800,49,0.0186,98.22877
05_001_800,50,0.0189,98.09346
05_001_800,51,0.0192,97.9636
05_001_800,52,0.0195,97.8522
05_001_800,53,0.0197,97.73126
05_001_800,54,0.02,97.60773
05_001_800,55,0.0202,97.46891
05_001_800,56,0.0206,97.33325
05_001_800,57,0.0209,97.19351
05_001_800,58,0.0213,97.0517
05_001_800,59,0.0216,96.93874
05_001_800,60,0.0219,96.80964
05_001_800,61,0.0222,96.70191
05_001_800,62,0.0225,96.57718
05_001_800,63,0.0227,96.4637
05_001_800,64,0.0231,96.36466
05_001_800,65,0.0234,96.24222
05_001_800,66,0.0237,96.10881
05_001_800,67,0.0239,95.97625
05_001_800,68,0.0242,95.8564
05_001_800,69,0.0245,95.73597
05_001_800,70,0.0247,95.60169
05_001_800,71,0.0249,95.48126
05_001_800,72,0.0252,95.35158
05_001_800,73,0.0255,95.22449
05_001_800,74,0.0257,95.08613
05_001_800,75,0.026,94.94777
05_001_800,76,0.0262,94.82067
05_001_800,77,0.0265,94.70686
05_001_800,78,0.0268,94.59908
05_001_800,79,0.027,94.51578
05_001_800,80,0.0273,94.40271
05_001_800,81,0.0275,94.30666
05_001_800,82,0.0279,94.18807
05_001_800,83,0.0281,94.08334
05_001_800,84,0.0284,93.97803
05_001_800,85,0.0286,93.85772
05_001_800,86,0.0289,93.74897
05_001_800,87,0.0292,93.64337
05_001_800,88,0.0295,93.53255
05_001_800,89,0.0298,93.42718
05_001_800,90,0.0302,93.3221
05_001_800,91,0.0304,93.21818
05_001_800,92,0.0307,93.10643
05_001_800,93,0.031,93.00302
05_001_800,94,0.0313,92.90823
05_001_800,95,0.0316,92.83218
05_001_800,96,0.0319,92.75004
05_001_800,97,0.0322,92.66209
05_001_800,98,0.0325,92.57787
05_001_800,99,0.0327,92.49711
05_001_800,100,0.033,92.40968
05_001_800,101,0.0332,92.34041
05_001_800,102,0.0334,92.26333
05_001_800,103,0.0336,92.19343
05_001_800,104,0.0339,92.12002
05_001_800,105,0.0341,92.04167
05_001_800,106,0.0344,91.98206
05_001_800,107,0.0346,91.91406
05_001_800,108,0.0348,91.86135
05_001_800,109,0.035,91.81266
05_001_800,110,0.0352,91.75673
05_001_800,111,0.03548,91.70138
05_001_800,112,0.03568,91.64458
05_001_800,113,0.03591,91.59038
05_001_800,114,0.0362,91.54278
05_001_800,115,0.03646,91.48995
05_001_800,116,0.03668,91.43914
05_001_800,117,0.03695,91.38775
05_001_800,118,0.03711,91.33923
05_001_800,119,0.03744,91.28118
05_001_800,120,0.03768,91.22628
05_001_800,121,0.03789,91.18725
05_001_800,122,0.03815,91.1358
05_001_800,123,0.0384,91.08464
05_001_800,124,0.03863,91.03664
05_001_800,125,0.0389,90.99468
05_001_800,126,0.03916,90.96163
05_001_800,127,0.03943,90.9245
05_001_800,128,0.03966,90.89541
05_001_800,129,0.03986,90.8608
05_001_800,130,0.0401,90.83224
05_001_800,131,0.04029,90.82126
05_001_800,132,0.0405,90.79844
05_001_800,133,0.0407,90.77533
05_001_800,134,0.0409,90.75366
05_001_800,135,0.0411,90.73515
05_001_800,136,0.0413,90.73135
05_001_800,137,0.04153,90.71284
05_001_800,138,0.0417,90.69117
05_001_800,139,0.0418,90.66806
05_001_800,140,0.0421,90.64524
05_001_800,141,0.0422,90.62443
05_001_800,142,0.0424,90.60133
05_001_800,143,0.0426,90.57161
05_001_800,144,0.0428,90.537
05_001_800,145,0.0429,90.49924
05_001_800,146,0.0431,90.46003
05_001_800,147,0.0433,90.43095
05_001_800,148,0.04346,90.39841
05_001_800,149,0.0437,90.36473
05_001_800,150,0.0439,90.34202
05_001_800,151,0.0441,90.3173
05_001_800,152,0.0443,90.27758
05_001_800,153,0.0446,90.24482
05_001_800,154,0.0448,90.20602
05_001_800,155,0.045,90.17388
05_001_800,156,0.0453,90.136
05_001_800,157,0.0455,90.07996
05_001_800,158,0.0457,90.01845
05_001_800,159,0.046,89.95436
05_001_800,160,0.0463,89.90038
05_001_800,161,0.0463,89.84411
05_001_800,162,0.0466,89.79881
05_001_800,163,0.047,89.73679
05_001_800,164,0.0472,89.67131
05_001_800,165,0.0475,89.60584
05_001_800,166,0.0477,89.54382
05_001_800,167,0.0479,89.49852
05_001_800,168,0.0482,89.45207
05_001_800,169,0.0484,89.40246
05_001_800,170,0.0485,89.35372
05_001_800,171,0.0488,89.29399
05_001_800,172,0.049,89.2464
05_001_800,173,0.0492,89.20892
05_001_800,174,0.0494,89.15443
05_001_800,175,0.0496,89.09677
05_001_800,176,0.0497,89.02412
05_001_800,177,0.0499,88.94973
05_001_800,178,0.0501,88.88691
05_001_800,179,0.0502,88.82379
05_001_800,180,0.0504,88.76441
05_001_800,181,0.0505,88.69693
05_001_800,182,0.0507,88.64445
05_001_800,183,0.0508,88.57926
05_001_800,184,0.0511,88.51465
05_001_800,185,0.0513,88.45407
05_001_800,186,0.0515,88.40095
05_001_800,187,0.0517,88.35876
05_001_800,188,0.0519,88.3249
05_001_800,189,0.0521,88.28093
05_001_800,190,0.0523,88.23954
05_001_800,191,0.0526,88.20361
05_001_800,192,0.0528,88.17602
05_001_800,193,0.0531,88.14377
05_001_800,194,0.0533,88.10313
05_001_800,195,0.0535,88.06565
05_001_800,196,0.0538,88.03306
05_001_800,197,0.0541,88.00708
05_001_800,198,0.0543,87.98943
05_001_800,199,0.0546,87.96598
05_001_800,200,0.0548,87.9477
05_001_800,201,0.055,87.93574
05_001_800,202,0.0552,87.93126
05_001_800,203,0.0555,87.91953
05_001_800,204,0.0557,87.9208
05_001_800,205,0.0559,87.92034
05_001_800,206,0.0561,87.9193
05_001_800,207,0.0564,87.91884
05_001_800,208,0.0565,87.92994
05_001_800,209,0.0567,87.92258
05_001_800,210,0.0568,87.90775
05_001_800,211,0.057,87.89642
05_001_800,212,0.0572,87.87447
05_001_800,213,0.0574,87.8436
05_001_800,214,0.0576,87.81537
05_001_800,215,0.0577,87.77623
05_001_800,216,0.0579,87.72846
05_001_800,217,0.0581,87.67437
05_001_800,218,0.05825,87.62608
05_001_800,219,0.0585,87.58044
05_001_800,220,0.0586,87.52503
05_001_800,221,0.0589,87.46329
05_001_800,222,0.059,87.39868
05_001_800,223,0.05918,87.3543
05_001_800,224,0.0594,87.30303
05_001_800,225,0.0597,87.23359
05_001_800,226,0.0599,87.16967
05_001_800,227,0.0602,87.1
05_001_800,228,0.0603,87.02918
05_001_800,229,0.0605,86.94595
05_001_800,230,0.0608,86.90347
05_001_800,231,0.0611,86.8446
05_001_800,232,0.0613,86.76965
05_001_800,233,0.0615,86.69854
05_001_800,234,0.0618,86.60703
05_001_800,235,0.0621,86.48672
05_001_800,236,0.0623,86.36416
05_001_800,237,0.0625,86.2408
05_001_800,238,0.0628,86.12848
05_001_800,239,0.063,85.9888
05_001_800,240,0.0633,85.844
05_001_800,241,0.0635,85.68138
05_001_800,242,0.0636,85.51014
05_001_800,243,0.0638,85.33947
05_001_800,244,0.064,85.14685
05_001_800,245,0.0642,84.95997
05_001_800,246,0.0643,84.78689
05_001_800,247,0.0644,84.65911
05_001_800,248,0.0646,84.54259
05_001_800,249,0.0648,84.43182
05_001_800,250,0.0649,84.34698
05_001_800,251,0.0651,84.21966
05_001_800,252,0.0652,84.10762
05_001_800,253,0.0653,83.98835
05_001_800,254,0.0655,83.84855
05_001_800,255,0.0657,83.71536
05_001_800,256,0.0658,83.59626
05_001_800,257,0.0659,83.49268
05_001_800,258,0.0661,83.39018
05_001_800,259,0.0663,83.27378
05_001_800,260,0.0665,83.15904
05_001_800,261,0.0666,83.03528
05_001_800,262,0.0668,82.92618
05_001_800,263,0.067,82.83576
05_001_800,264,0.0672,82.75822
05_001_800,265,0.0674,82.71286
05_001_800,266,0.0676,82.69332
05_001_800,267,0.0677,82.71832
05_001_800,268,0.0679,82.72729
05_001_800,269,0.0682,82.73442
05_001_800,270,0.0684,82.76483
05_001_800,271,0.0686,82.79225
05_001_800,272,0.0688,82.84065
05_001_800,273,0.069,82.89244
05_001_800,274,0.0693,82.94532
05_001_800,275,0.0695,83.01229
05_001_800,276,0.0698,83.08064
05_001_800,277,0.07,83.16278
05_001_800,278,0.0701,83.2394
05_001_800,279,0.0703,83.31632
05_001_800,280,0.0705,83.38949
05_001_800,281,0.0708,83.45111
05_001_800,282,0.071,83.51848
05_001_800,283,0.0713,83.587
05_001_800,284,0.0714,83.64225
05_001_800,285,0.0717,83.71076
05_001_800,286,0.0719,83.77813
05_001_800,287,0.0721,83.85562
05_001_800,288,0.0723,83.91954
05_001_800,289,0.07241,83.98116
05_001_800,290,0.07264,84.05175
05_001_800,291,0.07285,84.11745
05_001_800,292,0.07303,84.19011
05_001_800,293,0.0732,84.24661
05_001_800,294,0.0734,84.29881
05_001_800,295,0.0735,84.35853
05_001_800,296,0.0737,84.4125
05_001_800,297,0.0739,84.47315
05_001_800,298,0.0741,84.52776
05_001_800,299,0.0743,84.57346
05_001_800,300,0.0744,84.60737
05_001_800,301,0.0746,84.62663
05_001_800,302,0.0748,84.66008
05_001_800,303,0.075,84.67652
05_001_800,304,0.0752,84.68951
05_001_800,305,0.0754,84.71262
05_001_800,306,0.0756,84.73429
05_001_800,307,0.0758,84.7528
05_001_800,308,0.0761,84.77626
05_001_800,309,0.0763,84.8035
05_001_800,310,0.0766,84.82414
05_001_800,311,0.0768,84.83759
05_001_800,312,0.077,84.84328
05_001_800,313,0.0773,84.84064
05_001_800,314,0.0775,84.84495
05_001_800,315,0.0777,84.84639
05_001_800,316,0.0779,84.84495
05_001_800,317,0.0782,84.84064
05_001_800,318,0.0785,84.84328
05_001_800,319,0.0787,84.83759
05_001_800,320,0.0789,84.82414
05_001_800,321,0.0791,84.8035
05_001_800,322,0.0793,84.77626
05_001_800,323,0.0795,84.74297
05_001_800,324,0.0797,84.72992
05_001_800,325,0.0799,84.71314
05_001_800,326,0.0802,84.69434
05_001_800,327,0.0804,84.67526
05_001_800,328,0.0806,84.65761
05_001_800,329,0.0808,84.62726
05_001_800,330,0.081,84.59519
05_001_800,331,0.0812,84.56253
05_001_800,332,0.0814,84.53046
05_001_800,333,0.0815,84.50011
05_001_800,334,0.0818,84.47263
05_001_800,335,0.0819,84.44918
05_001_800,336,0.0822,84.4309
05_001_800,337,0.0824,84.41894
05_001_800,338,0.0826,84.41446
05_001_800,339,0.0828,84.40273
05_001_800,340,0.083,84.39417
05_001_800,341,0.0833,84.38934
05_001_800,342,0.0834,84.38882
05_001_800,343,0.0836,84.40302
05_001_800,344,0.0839,84.41722
05_001_800,345,0.0841,84.4167
05_001_800,346,0.0844,84.41187
05_001_800,347,0.0846,84.40331
05_001_800,348,0.0849,84.39158
05_001_800,349,0.0851,84.37727
05_001_800,350,0.0853,84.36094
05_001_800,351,0.0856,84.34318
05_001_800,352,0.0858,84.32456
05_001_800,353,0.086,84.30564
05_001_800,354,0.0862,84.28702
05_001_800,355,0.0864,84.26926
05_001_800,356,0.0866,84.25293
05_001_800,357,0.0869,84.23862
05_001_800,358,0.0872,84.22689
05_001_800,359,0.0874,84.21833
05_001_800,360,0.0876,84.2135
05_001_800,361,0.0877,84.21298
05_001_800,362,0.088,84.21735
05_001_800,363,0.0882,84.22718
05_001_800,364,0.0884,84.22718
05_001_800,365,0.0886,84.22718
05_001_800,366,0.0888,84.22718
05_001_800,367,0.089,84.22718
05_001_800,368,0.0893,84.22718
05_001_800,369,0.0894,84.22718
05_001_800,370,0.0896,84.22718
05_001_800,371,0.0898,84.21735
05_001_800,372,0.09,84.21298
05_001_800,373,0.0902,84.2135
05_001_800,374,0.0904,84.22816
05_001_800,375,0.0906,84.24109
05_001_800,376,0.0908,84.24247
05_001_800,377,0.091,84.24759
05_001_800,378,0.0912,84.25586
05_001_800,379,0.0915,84.26673
05_001_800,380,0.0917,84.2796
05_001_800,381,0.0919,84.29392
05_001_800,382,0.0922,84.29926
05_001_800,383,0.0925,84.31036
05_001_800,384,0.0927,84.32605
05_001_800,385,0.093,84.34519
05_001_800,386,0.0932,84.36663
05_001_800,387,0.0935,84.37939
05_001_800,388,0.0937,84.39762
05_001_800,389,0.0941,84.40975
05_001_800,390,0.0943,84.42935
05_001_800,391,0.0945,84.44429
05_001_800,392,0.0948,84.47361
05_001_800,393,0.0951,84.52046
05_001_800,394,0.0953,84.57213
05_001_800,395,0.0955,84.62519
05_001_800,396,0.0958,84.6756
05_001_800,397,0.096,84.74067
05_001_800,398,0.0962,84.82184
05_001_800,399,0.0965,84.89484
05_001_800,400,0.0966,84.98567
05_001_800,401,0.0969,85.08856
05_001_800,402,0.0971,85.18795
05_001_800,403,0.0973,85.30924
05_001_800,404,0.0975,85.41719
05_001_800,405,0.0978,85.53664
05_001_800,406,0.0981,85.66069
05_001_800,407,0.0983,85.77261
05_001_800,408,0.0985,85.89665
05_001_800,409,0.0988,86.0161
05_001_800,410,0.0991,86.13992
05_001_800,411,0.0994,86.25196
05_001_800,412,0.0997,86.33226
05_001_800,413,0.1,86.41716
05_001_800,414,0.1,86.50522
05_001_800,415,0.101,86.60484
05_001_800,416,0.101,86.69929
05_001_800,417,0.101,86.7877
05_001_800,418,0.101,86.88507
05_001_800,419,0.102,87.27549
05_001_800,420,0.102,87.18548
05_001_800,421,0.102,87.08367
05_001_800,422,0.102,86.97526
05_001_800,423,0.103,87.36442
05_001_800,424,0.103,87.43783
05_001_800,425,0.103,87.52284
05_001_800,426,0.104,87.59636
05_001_800,427,0.104,87.66477
05_001_800,428,0.104,87.72518
05_001_800,429,0.104,87.77531
05_001_800,430,0.105,87.76122
05_001_800,431,0.105,87.76134
05_001_800,432,0.105,87.79755
05_001_800,433,0.105,87.7902
05_001_800,434,0.106,87.60441
05_001_800,435,0.106,87.75605
05_001_800,436,0.106,87.723
05_001_800,437,0.106,87.66494
05_001_800,438,0.107,87.5667
05_001_800,439,0.107,87.5394
05_001_800,440,0.107,87.60665
05_001_800,441,0.108,87.43392
05_001_800,442,0.108,87.22267
05_001_800,443,0.108,86.95715
05_001_800,444,0.108,86.63646
05_001_800,445,0.109,86.27552
05_001_800,446,0.109,85.89913
05_001_800,447,0.109,85.50692
05_001_800,448,0.11,85.1084
05_001_800,449,0.11,84.72286
05_001_800,450,0.11,84.33468
05_001_800,451,0.11,83.9692
05_001_800,452,0.111,83.10834
05_001_800,453,0.111,82.90773
05_001_800,454,0.111,83.64196
05_001_800,455,0.111,83.36242
05_001_800,456,0.112,82.77874
05_001_800,457,0.112,82.72045
05_001_800,458,0.112,82.72591
05_001_800,459,0.112,82.79742
05_001_800,460,0.112,82.70476
05_001_800,461,0.113,82.26087
05_001_800,462,0.113,82.35009
05_001_800,463,0.113,82.53133
05_001_800,464,0.113,82.61962
05_001_800,465,0.113,82.44505
05_001_800,466,0.114,81.91121
05_001_800,467,0.114,82.18201
05_001_800,468,0.114,82.11205
05_001_800,469,0.114,82.04957
05_001_800,470,0.114,81.98329
05_001_800,471,0.115,81.75359
05_001_800,472,0.115,81.71622
05_001_800,473,0.115,81.8466
05_001_800,474,0.115,81.79291
05_001_800,475,0.116,81.69352
05_001_800,476,0.116,81.67248
05_001_800,477,0.116,81.63954
05_001_800,478,0.116,81.62155
05_001_800,479,0.117,81.60379
05_001_800,480,0.117,81.59666
05_001_800,481,0.117,81.60074
05_001_800,482,0.117,81.60074
05_001_800,483,0.118,81.60649
05_001_800,484,0.118,81.61799
05_001_800,485,0.118,81.63523
05_001_800,486,0.118,81.65822
05_001_800,487,0.118,81.68697
05_001_800,488,0.119,81.71352
05_001_800,489,0.119,81.72548
05_001_800,490,0.119,81.70559
05_001_800,491,0.12,81.74031
05_001_800,492,0.12,81.75687
05_001_800,493,0.12,81.77399
05_001_800,494,0.12,81.79055
05_001_800,495,0.12,81.80538
05_001_800,496,0.121,81.87649
05_001_800,497,0.121,81.81734
05_001_800,498,0.121,81.8351
05_001_800,499,0.121,81.85809
05_001_800,500,0.122,81.89028
05_001_800,501,0.122,81.90931
05_001_800,502,0.122,81.91828
05_001_800,503,0.122,81.91776
05_001_800,504,0.122,81.91816
05_001_800,505,0.123,81.87873
05_001_800,506,0.123,81.85102
05_001_800,507,0.123,81.90477
05_001_800,508,0.124,81.6519
05_001_800,509,0.124,81.70565
05_001_800,510,0.124,81.74991
05_001_800,511,0.124,81.80751
05_001_800,512,0.125,81.60137
05_001_800,513,0.125,81.55148
05_001_800,514,0.125,81.49037
05_001_800,515,0.125,81.42209
05_001_800,516,0.126,81.35063
05_001_800,517,0.126,81.28004
05_001_800,518,0.126,81.21814
05_001_800,519,0.126,81.15743
05_001_800,520,0.127,81.08725
05_001_800,521,0.127,81.02258
05_001_800,522,0.127,80.93745
05_001_800,523,0.127,80.86651
05_001_800,524,0.128,80.37239
05_001_800,525,0.128,80.58324
05_001_800,526,0.128,80.48011
05_001_800,527,0.128,80.78437
05_001_800,528,0.128,80.68148
05_001_800,529,0.129,80.26036
05_001_800,530,0.129,80.15033
05_001_800,531,0.129,80.04261
05_001_800,532,0.129,79.93748
05_001_800,533,0.129,79.82538
05_001_800,534,0.13,79.52372
05_001_800,535,0.13,79.71588
05_001_800,536,0.13,79.61851
05_001_800,537,0.13,79.43784
05_001_800,538,0.13,79.37702
05_001_800,539,0.13,79.30057
05_001_800,540,0.131,79.08318
05_001_800,541,0.131,79.01989
05_001_800,542,0.131,79.21803
05_001_800,543,0.131,79.15422
05_001_800,544,0.132,78.72994
05_001_800,545,0.132,78.80599
05_001_800,546,0.132,78.8748
05_001_800,547,0.132,78.94763
05_001_800,548,0.133,78.6605
05_001_800,549,0.133,78.58583
05_001_800,550,0.133,78.52904
05_001_800,551,0.133,78.47828
05_001_800,552,0.134,78.42172
05_001_800,553,0.134,78.37263
05_001_800,554,0.134,78.33446
05_001_800,555,0.134,78.2948
05_001_800,556,0.135,78.17437
05_001_800,557,0.135,78.26031
05_001_800,558,0.135,78.22783
05_001_800,559,0.135,78.20024
05_001_800,560,0.135,78.14707
05_001_800,561,0.136,78.01296
05_001_800,562,0.136,78.04693
05_001_800,563,0.136,78.08378
05_001_800,564,0.136,78.1212
05_001_800,565,0.137,77.9683
05_001_800,566,0.137,77.93432
05_001_800,567,0.137,77.89748
05_001_800,568,0.137,77.86989
05_001_800,569,0.137,77.83856
05_001_800,570,0.137,77.80637
05_001_800,571,0.138,77.60255
05_001_800,572,0.138,77.64186
05_001_800,573,0.138,77.56035
05_001_800,574,0.138,77.72675
05_001_800,575,0.138,77.77015
05_001_800,576,0.138,77.67904
05_001_800,577,0.139,77.46424
05_001_800,578,0.139,77.4088
05_001_800,579,0.139,77.5145
05_001_800,580,0.139,77.34742
05_001_800,581,0.14,77.20376
05_001_800,582,0.14,77.27932
05_001_800,583,0.14,77.11996
06_01_20,1,0.0,0.0
06_01_20,2,0.00499,373.10236
06_01_20,3,0.00995,779.05851
06_01_20,4,0.01489,1089.68396
06_01_20,5,0.0198,1092.78586
06_01_20,6,0.02469,1097.22394
06_01_20,7,0.02955,1099.92263
06_01_20,8,0.0344,1103.29206
06_01_20,9,0.03922,1106.51007
06_01_20,10,0.04402,1109.62004
06_01_20,11,0.04879,1112.7915
06_01_20,12,0.05355,1115.91461
06_01_20,13,0.05829,1119.00353
06_01_20,14,0.06299,1122.06139
06_01_20,15,0.06768,1125.08286
06_01_20,16,0.07234,1128.09479
06_01_20,17,0.07698,1131.06036
06_01_20,18,0.08159,1133.98543
06_01_20,19,0.0862,1136.88003
06_01_20,20,0.09077,1139.72698
06_01_20,21,0.09533,1142.20112
06_01_20,22,0.09987,1145.29114
06_01_20,23,0.10438,1148.00011
06_01_20,24,0.10885,1150.64882
06_01_20,25,0.11333,1153.24903
06_01_20,26,0.11779,1155.7891
07_01_500,1,0.0,0.0
07_01_500,2,0.0009375,19.8691337430517
07_01_500,3,0.00104,38.1787864857779
07_01_500,4,0.00123,59.9088958810048
07_01_500,5,0.00148,83.8481469238289
07_01_500,6,0.0017,108.785224609347
07_01_500,7,0.00198,129.352228218369
07_01_500,8,0.00221,150.803642745992
07_01_500,9,0.00243,171.685077999343
07_01_500,10,0.00258,191.346553909771
07_01_500,11,0.00278,212.281708980055
07_01_500,12,0.00293,237.847765537753
07_01_500,13,0.00316,258.640092370051
07_01_500,14,0.00351,281.133075282767
07_01_500,15,0.00385,306.773446547886
07_01_500,16,0.00416,332.115049865964
07_01_500,17,0.00436,349.664266266748
07_01_500,18,0.0045,373.968826629611
07_01_500,19,0.00466,399.178972510618
07_01_500,20,0.00485,422.401181055894
07_01_500,21,0.00516,450.990709637129
07_01_500,22,0.00565,479.139918032029
07_01_500,23,0.0062,505.039025831963
07_01_500,24,0.00685,534.067480974166
07_01_500,25,0.00774,561.09042147106
07_01_500,26,0.00884,584.861724341279
07_01_500,27,0.01005,604.135266603456
07_01_500,28,0.01133,623.391696985934
07_01_500,29,0.01273,638.999098502769
07_01_500,30,0.01435,649.89699040862
07_01_500,31,0.01601,662.358220980703
07_01_500,32,0.0177,671.044534210516
07_01_500,33,0.01953,675.409156139251
07_01_500,34,0.02161,682.389417469751
07_01_500,35,0.02368,686.46960003268
07_01_500,36,0.02568,687.163553484789
07_01_500,37,0.02785,683.677598041833
07_01_500,38,0.03013,685.626954671451
07_01_500,39,0.03231,686.894076747293
07_01_500,40,0.03446,687.085404226861
07_01_500,41,0.03664,688.449293233072
07_01_500,42,0.03888,689.630150039218
07_01_500,43,0.041,690.522331104926
07_01_500,44,0.04313,691.621969957492
07_01_500,45,0.04539,692.496518846018
07_01_500,46,0.04758,693.070560640722
07_01_500,47,0.04976,693.268678211824
07_01_500,48,0.05199,693.015454429542
07_01_500,49,0.05428,693.82062163778
07_01_500,50,0.05656,694.684092180441
07_01_500,51,0.05875,695.587881879689
07_01_500,52,0.06096,695.9882366198
07_01_500,53,0.06326,696.685036570764
07_01_500,54,0.06553,697.229259646933
07_01_500,55,0.06765,697.954481588744
07_01_500,56,0.06993,698.565995962723
07_01_500,57,0.07216,699.009270470732
07_01_500,58,0.07443,699.91461904216
07_01_500,59,0.07658,700.64476846354
07_01_500,60,0.07879,701.174193007508
07_01_500,61,0.08105,701.861643939185
07_01_500,62,0.08326,702.477274759715
07_01_500,63,0.08543,702.978619342912
07_01_500,64,0.08768,703.371249457328
07_01_500,65,0.08998,703.645301281454
07_01_500,66,0.0922,703.775481366449
07_01_500,67,0.0944,703.752507692046
07_01_500,68,0.09674,704.211914697603
07_01_500,69,0.09904,704.141372536766
07_01_500,70,0.10123,703.569307754158
07_01_500,71,0.10353,702.5241468944
07_01_500,72,0.10594,701.649372030065
07_01_500,73,0.10824,700.865267790117
07_01_500,74,0.11051,699.741205720813
07_01_500,75,0.1129,699.126268486423
07_01_500,76,0.1154,697.702626044448
07_01_500,77,0.11775,696.113070073107
07_01_500,78,0.12015,694.196408576893
07_01_500,79,0.12265,691.916915685326
07_01_500,80,0.12505,689.238865527917
07_01_500,81,0.12739,686.126532234176
07_01_500,82,0.12988,682.544189933612
07_01_500,83,0.13234,678.456112755737
07_01_500,84,0.13471,673.826574830059
07_01_500,85,0.13711,668.619850286091
07_01_500,86,0.13968,662.800213253341
10_01_800,1,0.0,0.0
10_01_800,2,0.00514,163.09636
10_01_800,3,0.00551,165.16631
10_01_800,4,0.00591,166.73019
10_01_800,5,0.00631,168.96118
10_01_800,6,0.00671,170.96398
10_01_800,7,0.00718,172.83255
10_01_800,8,0.00758,174.2012
10_01_800,9,0.00806,174.99453
10_01_800,10,0.0085,175.13718
10_01_800,11,0.00906,175.83649
10_01_800,12,0.00954,176.10366
10_01_800,13,0.01006,175.91357
10_01_800,14,0.01055,175.94705
10_01_800,15,0.01104,175.58258
10_01_800,16,0.01158,174.82483
10_01_800,17,0.01209,173.67848
10_01_800,18,0.01261,172.89011
10_01_800,19,0.0132,172.03162
10_01_800,20,0.01379,171.13456
10_01_800,21,0.01434,170.40036
10_01_800,22,0.0149,169.59633
10_01_800,23,0.01549,168.76396
10_01_800,24,0.01603,167.94473
10_01_800,25,0.01656,167.18015
10_01_800,26,0.01711,166.51169
10_01_800,27,0.01766,166.18071
10_01_800,28,0.01828,165.62749
10_01_800,29,0.01883,165.07456
10_01_800,30,0.0194,164.56458
10_01_800,31,0.01998,164.31009
10_01_800,32,0.02064,163.81531
10_01_800,33,0.02126,163.29277
10_01_800,34,0.02189,162.79512
10_01_800,35,0.0225,162.04304
10_01_800,36,0.0231,161.25853
10_01_800,37,0.0237,160.47373
10_01_800,38,0.02424,159.72077
10_01_800,39,0.02486,159.19169
10_01_800,40,0.02544,158.66991
10_01_800,41,0.02604,158.19692
10_01_800,42,0.02669,157.54003
10_01_800,43,0.02726,156.92066
10_01_800,44,0.02794,156.33928
10_01_800,45,0.02853,155.8286
10_01_800,46,0.02918,155.59123
10_01_800,47,0.02981,155.39564
10_01_800,48,0.03044,154.96193
10_01_800,49,0.03101,154.52091
10_01_800,50,0.03163,154.10355
10_01_800,51,0.03221,153.74084
10_01_800,52,0.0328,153.18955
10_01_800,53,0.03339,152.64059
10_01_800,54,0.034,152.11502
10_01_800,55,0.03464,151.62771
10_01_800,56,0.03531,151.19359
10_01_800,57,0.03596,150.83368
10_01_800,58,0.03661,150.56902
10_01_800,59,0.03726,150.43064
10_01_800,60,0.03788,150.16598
10_01_800,61,0.03849,149.94719
10_01_800,62,0.03909,149.78655
10_01_800,63,0.03973,149.69632
10_01_800,64,0.04031,149.84639
10_01_800,65,0.04094,149.97249
10_01_800,66,0.04155,150.09685
10_01_800,67,0.04224,149.96747
10_01_800,68,0.04288,149.7665
10_01_800,69,0.04354,149.50623
10_01_800,70,0.0442,149.19891
10_01_800,71,0.04486,148.86681
10_01_800,72,0.04548,148.50667
10_01_800,73,0.0461,148.13133
10_01_800,74,0.04668,147.75366
10_01_800,75,0.04728,147.3865
10_01_800,76,0.04789,147.02659
10_01_800,77,0.0485,146.72617
10_01_800,78,0.0491,146.45087
10_01_800,79,0.04975,146.21473
10_01_800,80,0.05039,146.01564
10_01_800,81,0.051,146.05689
10_01_800,82,0.05168,146.07214
10_01_800,83,0.0523,146.08535
10_01_800,84,0.05291,146.29035
10_01_800,85,0.05353,146.1404
10_01_800,86,0.05415,145.84816
10_01_800,87,0.05471,145.43641
10_01_800,88,0.05531,144.92795
10_01_800,89,0.0559,144.52544
10_01_800,90,0.0565,143.97187
10_01_800,91,0.0571,143.30055
10_01_800,92,0.0578,142.52866
10_01_800,93,0.0583,141.69892
10_01_800,94,0.0589,140.84405
10_01_800,95,0.0595,139.99678
10_01_800,96,0.0601,139.18983
10_01_800,97,0.0607,138.45592
10_01_800,98,0.0613,137.7794
10_01_800,99,0.0618,137.22121
10_01_800,100,0.0624,136.81233
10_01_800,101,0.063,136.58373
10_01_800,102,0.0635,136.27606
10_01_800,103,0.064,136.08964
10_01_800,104,0.0646,136.04494
10_01_800,105,0.0652,135.85824
10_01_800,106,0.0658,135.75656
10_01_800,107,0.0664,135.74867
10_01_800,108,0.067,135.84333
10_01_800,109,0.0676,136.02934
10_01_800,110,0.0682,136.05622
10_01_800,111,0.0688,136.10092
10_01_800,112,0.0694,136.15053
10_01_800,113,0.07,136.21768
10_01_800,114,0.0706,136.29885
10_01_800,115,0.0712,136.39053
10_01_800,116,0.0718,136.48923
10_01_800,117,0.0724,136.59144
10_01_800,118,0.0731,136.69365
10_01_800,119,0.0737,136.79235
10_01_800,120,0.0744,136.88403
10_01_800,121,0.075,136.9652
10_01_800,122,0.0757,137.03235
10_01_800,123,0.0763,137.08196
10_01_800,124,0.077,137.11054
10_01_800,125,0.0776,137.11457
10_01_800,126,0.0782,137.13894
10_01_800,127,0.0788,137.15191
10_01_800,128,0.0795,137.15173
10_01_800,129,0.0801,137.13666
10_01_800,130,0.0807,137.13718
10_01_800,131,0.0814,137.13274
10_01_800,132,0.0821,137.12275
10_01_800,133,0.0828,137.12275
10_01_800,134,0.0835,137.12275
10_01_800,135,0.0841,137.12275
10_01_800,136,0.0848,137.12275
10_01_800,137,0.0854,137.12275
10_01_800,138,0.086,137.12275
10_01_800,139,0.0867,137.12275
10_01_800,140,0.08731,137.12275
10_01_800,141,0.08808,137.12275
10_01_800,142,0.0888,136.9229
10_01_800,143,0.08954,136.83407
10_01_800,144,0.09026,136.84459
10_01_800,145,0.09099,136.94277
10_01_800,146,0.09171,137.10691
10_01_800,147,0.09239,137.34089
10_01_800,148,0.09308,137.63243
10_01_800,149,0.09376,137.96926
10_01_800,150,0.09453,138.33911
10_01_800,151,0.09529,138.7297
10_01_800,152,0.09611,139.12876
10_01_800,153,0.09691,139.52403
10_01_800,154,0.09778,139.90322
10_01_800,155,0.09859,140.52388
10_01_800,156,0.09938,140.95403
10_01_800,157,0.10011,141.19718
10_01_800,158,0.10084,141.46669
10_01_800,159,0.10156,141.43964
10_01_800,160,0.10231,141.13179
10_01_800,161,0.10303,140.55894
10_01_800,162,0.10381,139.74685
10_01_800,163,0.1046,139.01832
10_01_800,164,0.10539,138.20155
10_01_800,165,0.10614,137.32459
10_01_800,166,0.10688,136.41549
10_01_800,167,0.10754,135.51843
10_01_800,168,0.1082,134.66204
10_01_800,169,0.1089,133.85941
10_01_800,170,0.10955,133.13976
10_01_800,171,0.11019,132.54231
10_01_800,172,0.11089,132.08072
10_01_800,173,0.11153,131.78479
10_01_800,174,0.11224,131.68434
10_01_800,175,0.11294,131.80916
10_01_800,176,0.11365,131.75359
10_01_800,177,0.1143,131.80145
10_01_800,178,0.11503,131.96677
10_01_800,179,0.1157,131.92487
10_01_800,180,0.11634,132.12718
10_01_800,181,0.11695,132.20239
10_01_800,182,0.1176,132.16627
10_01_800,183,0.11824,132.02848
10_01_800,184,0.11893,131.79865
10_01_800,185,0.11961,131.49256
10_01_800,186,0.1203,131.12598
10_01_800,187,0.12098,130.7147
10_01_800,188,0.1217,130.2745
10_01_800,189,0.12233,129.80502
10_01_800,190,0.12299,129.33145
10_01_800,191,0.12366,128.86898
10_01_800,192,0.12429,128.42668
10_01_800,193,0.12493,128.01359
10_01_800,194,0.12554,127.64491
10_01_800,195,0.12618,127.33584
10_01_800,196,0.1268,127.12155
10_01_800,197,0.12748,126.98616
10_01_800,198,0.12814,126.94601
10_01_800,199,0.1288,127.19735
10_01_800,200,0.12946,127.47673
10_01_800,201,0.13016,127.42396
10_01_800,202,0.13079,127.29172
10_01_800,203,0.13145,127.09286
10_01_800,204,0.13204,126.82411
10_01_800,205,0.13265,126.52772
10_01_800,206,0.13326,126.18487
10_01_800,207,0.13388,125.76929
10_01_800,208,0.13449,125.34118
10_01_800,209,0.13511,124.91357
10_01_800,210,0.13573,124.49948
10_01_800,211,0.1364,124.11195
10_01_800,212,0.13703,123.764
10_01_800,213,0.1377,123.46865
10_01_800,214,0.13829,123.23894
10_01_800,215,0.13889,123.0879
10_01_800,216,0.13951,123.02855
11_06_20,1,0.0,0.0
11_06_20,2,0.00598,450.20344
11_06_20,3,0.01193,930.20876
11_06_20,4,0.01484,1133.42828
11_06_20,5,0.02372,1136.21777
11_06_20,6,0.02955,1140.99415
11_06_20,7,0.03536,1144.62433
11_06_20,8,0.04114,1148.79468
11_06_20,9,0.04688,1152.7441
11_06_20,10,0.05259,1156.59917
11_06_20,11,0.05827,1160.42022
11_06_20,12,0.06391,1164.20173
11_06_20,13,0.06952,1167.94605
11_06_20,14,0.0751,1171.63385
11_06_20,15,0.08065,1175.29618
11_06_20,16,0.08617,1178.8629
11_06_20,17,0.09166,1182.359
11_06_20,18,0.09712,1185.81712
11_06_20,19,0.10255,1189.15865
11_06_20,20,0.10796,1192.44291
11_06_20,21,0.11332,1195.63034
11_06_20,22,0.11867,1198.745
12_06_500,1,0.0,0.0
12_06_500,2,0.01548,760.47676
12_06_500,3,0.01575,763.37227
12_06_500,4,0.01604,765.54152
12_06_500,5,0.01619,768.09132
12_06_500,6,0.01648,770.49642
12_06_500,7,0.01683,772.58184
12_06_500,8,0.01713,774.53952
12_06_500,9,0.01743,776.20101
12_06_500,10,0.01776,777.76419
12_06_500,11,0.01805,779.44036
12_06_500,12,0.01839,780.98607
12_06_500,13,0.01874,782.34432
12_06_500,14,0.0191,783.71471
12_06_500,15,0.01944,785.09202
12_06_500,16,0.01983,786.46876
12_06_500,17,0.02014,787.44998
12_06_500,18,0.0205,788.74306
12_06_500,19,0.02083,789.95185
12_06_500,20,0.02111,791.01537
12_06_500,21,0.02155,792.02779
12_06_500,22,0.02194,792.95876
12_06_500,23,0.02229,794.00861
12_06_500,24,0.02263,794.9908
12_06_500,25,0.023,795.88836
12_06_500,26,0.0233,796.76522
12_06_500,27,0.02364,797.5609
12_06_500,28,0.02386,798.47457
12_06_500,29,0.02421,799.3179
12_06_500,30,0.02459,800.3023
12_06_500,31,0.02495,801.05289
12_06_500,32,0.02525,801.78704
12_06_500,33,0.02556,802.68703
12_06_500,34,0.02593,803.59786
12_06_500,35,0.02629,804.30467
12_06_500,36,0.02668,805.02963
12_06_500,37,0.02706,805.73848
12_06_500,38,0.02748,806.63831
12_06_500,39,0.028,807.53422
12_06_500,40,0.02834,808.39679
12_06_500,41,0.02868,808.98431
12_06_500,42,0.02903,809.78028
12_06_500,43,0.0295,810.60864
12_06_500,44,0.02996,811.41998
12_06_500,45,0.03036,812.16865
12_06_500,46,0.03075,813.04006
12_06_500,47,0.03121,813.88452
12_06_500,48,0.03163,814.6919
12_06_500,49,0.03196,815.40784
12_06_500,50,0.0324,816.04697
12_06_500,51,0.03278,816.55593
12_06_500,52,0.03315,817.01764
12_06_500,53,0.03355,817.46171
12_06_500,54,0.03394,817.90392
12_06_500,55,0.03435,818.27913
12_06_500,56,0.03476,818.84822
12_06_500,57,0.03516,819.38707
12_06_500,58,0.03561,819.91084
12_06_500,59,0.03601,820.42219
12_06_500,60,0.03638,820.87738
12_06_500,61,0.03681,821.02899
12_06_500,62,0.03724,821.50369
12_06_500,63,0.03769,822.05349
12_06_500,64,0.03804,822.66483
12_06_500,65,0.03849,823.32416
12_06_500,66,0.03883,823.96778
12_06_500,67,0.03933,824.62852
12_06_500,68,0.03965,825.28967
12_06_500,69,0.04004,825.8752
12_06_500,70,0.04048,826.4461
12_06_500,71,0.04091,826.94145
12_06_500,72,0.04128,827.33799
12_06_500,73,0.04169,827.88121
12_06_500,74,0.04213,828.37151
12_06_500,75,0.04266,828.83509
12_06_500,76,0.04305,829.27003
12_06_500,77,0.0435,829.65874
12_06_500,78,0.04386,830.0209
12_06_500,79,0.04441,830.31319
12_06_500,80,0.04484,830.52992
12_06_500,81,0.04529,830.65239
12_06_500,82,0.0458,831.00513
12_06_500,83,0.04626,831.37598
12_06_500,84,0.04669,831.73644
12_06_500,85,0.04718,832.11302
12_06_500,86,0.04756,832.50406
12_06_500,87,0.04796,832.87881
12_06_500,88,0.04846,833.24268
12_06_500,89,0.04893,833.588
12_06_500,90,0.04939,833.97235
12_06_500,91,0.04994,834.35953
12_06_500,92,0.05041,834.75811
12_06_500,93,0.05089,835.14217
12_06_500,94,0.05138,835.49492
12_06_500,95,0.05189,835.89985
12_06_500,96,0.0523,836.29713
12_06_500,97,0.05283,836.66196
12_06_500,98,0.05328,837.01318
12_06_500,99,0.05376,837.34427
12_06_500,100,0.05431,837.68596
12_06_500,101,0.05484,838.01942
12_06_500,102,0.0554,838.34523
12_06_500,103,0.056,838.68334
12_06_500,104,0.05654,838.9982
12_06_500,105,0.05705,839.33626
12_06_500,106,0.05758,839.63139
12_06_500,107,0.05808,839.88641
12_06_500,108,0.05861,840.15374
12_06_500,109,0.05918,840.43246
12_06_500,110,0.05984,840.726
12_06_500,111,0.06038,841.00699
12_06_500,112,0.06104,841.27886
12_06_500,113,0.06166,841.56383
12_06_500,114,0.06206,841.85934
12_06_500,115,0.06259,842.16938
12_06_500,116,0.06313,842.45151
12_06_500,117,0.0636,842.73824
12_06_500,118,0.06418,843.03353
12_06_500,119,0.06468,843.30687
12_06_500,120,0.06515,843.59671
12_06_500,121,0.06578,843.88168
12_06_500,122,0.06631,844.19053
12_06_500,123,0.06668,844.53097
12_06_500,124,0.06709,844.88428
12_06_500,125,0.06751,845.22694
12_06_500,126,0.06794,845.51712
12_06_500,127,0.06855,845.80102
12_06_500,128,0.06898,846.05694
12_06_500,129,0.06963,846.27407
12_06_500,130,0.07003,846.4578
12_06_500,131,0.07046,846.59841
12_06_500,132,0.07088,846.71157
12_06_500,133,0.07121,846.82916
12_06_500,134,0.07165,846.87363
12_06_500,135,0.07206,846.9076
12_06_500,136,0.07248,846.79155
12_06_500,137,0.07298,846.77714
12_06_500,138,0.07343,846.84135
12_06_500,139,0.07378,846.96767
12_06_500,140,0.07426,847.19626
12_06_500,141,0.07465,847.49665
12_06_500,142,0.07501,847.94787
12_06_500,143,0.07545,848.44089
12_06_500,144,0.0759,848.96925
12_06_500,145,0.07639,849.45586
12_06_500,146,0.07685,849.89914
12_06_500,147,0.07729,850.28837
12_06_500,148,0.0777,850.60425
12_06_500,149,0.0781,850.81894
12_06_500,150,0.07859,850.92677
12_06_500,151,0.07899,850.93829
12_06_500,152,0.07946,850.83982
12_06_500,153,0.07993,850.65332
12_06_500,154,0.0804,850.33607
12_06_500,155,0.08078,849.949
12_06_500,156,0.08126,849.49488
12_06_500,157,0.08171,849.20112
12_06_500,158,0.08218,848.90878
12_06_500,159,0.0825,848.62977
12_06_500,160,0.08301,848.40731
12_06_500,161,0.08354,848.23505
12_06_500,162,0.08404,848.12603
12_06_500,163,0.08445,847.99937
12_06_500,164,0.08486,847.88785
12_06_500,165,0.08535,847.79347
12_06_500,166,0.08586,847.7262
12_06_500,167,0.08633,847.67549
12_06_500,168,0.08674,847.6485
12_06_500,169,0.08716,847.60647
12_06_500,170,0.08768,847.59955
12_06_500,171,0.08815,847.6169
12_06_500,172,0.0886,847.66222
12_06_500,173,0.08906,847.74775
12_06_500,174,0.0895,847.82478
12_06_500,175,0.09003,847.93345
12_06_500,176,0.0905,847.94196
12_06_500,177,0.09093,848.06811
12_06_500,178,0.09143,848.27866
12_06_500,179,0.09188,848.57055
12_06_500,180,0.0924,848.94015
12_06_500,181,0.09289,849.36817
12_06_500,182,0.09333,849.84502
12_06_500,183,0.09379,850.49153
12_06_500,184,0.09419,851.03787
12_06_500,185,0.09465,851.5305
12_06_500,186,0.09503,851.92585
12_06_500,187,0.09546,852.24076
12_06_500,188,0.09589,852.46787
12_06_500,189,0.09628,852.57559
12_06_500,190,0.09668,852.61433
12_06_500,191,0.0971,852.54507
12_06_500,192,0.09753,852.38977
12_06_500,193,0.09791,852.12732
12_06_500,194,0.09829,851.77224
12_06_500,195,0.09876,851.34615
12_06_500,196,0.09914,850.86266
12_06_500,197,0.09955,850.5406
12_06_500,198,0.09993,850.23726
12_06_500,199,0.1004,849.98077
12_06_500,200,0.10094,849.79983
12_06_500,201,0.10128,849.67357
12_06_500,202,0.10175,849.63125
12_06_500,203,0.10225,849.68054
12_06_500,204,0.10256,849.57862
12_06_500,205,0.10299,849.50085
12_06_500,206,0.10339,849.427
12_06_500,207,0.10375,849.36159
12_06_500,208,0.10426,849.30862
12_06_500,209,0.10473,849.26551
12_06_500,210,0.10514,849.2448
12_06_500,211,0.10558,849.22398
12_06_500,212,0.10599,849.21445
12_06_500,213,0.10643,849.21138
12_06_500,214,0.10685,849.20565
12_06_500,215,0.10728,849.20265
12_06_500,216,0.1078,849.22603
12_06_500,217,0.10818,849.24871
12_06_500,218,0.10868,849.28354
12_06_500,219,0.10913,849.33306
12_06_500,220,0.10961,849.39926
12_06_500,221,0.11005,849.46789
12_06_500,222,0.1105,849.57431
12_06_500,223,0.1109,849.68429
12_06_500,224,0.11129,849.80726
12_06_500,225,0.11184,849.92671
12_06_500,226,0.1123,850.05632
12_06_500,227,0.11271,850.19353
12_06_500,228,0.11315,850.35087
12_06_500,229,0.11366,850.52523
12_06_500,230,0.1141,850.69783
12_06_500,231,0.11458,850.85529
12_06_500,232,0.11508,851.03379
12_06_500,233,0.11534,851.18433
12_06_500,234,0.11591,851.32257
12_06_500,235,0.11638,851.47866
12_06_500,236,0.11694,851.65745
12_06_500,237,0.11735,851.84213
12_06_500,238,0.11781,852.04071
12_06_500,239,0.1183,852.43578
12_06_500,240,0.11874,852.74865
12_06_500,241,0.11913,852.99272
12_06_500,242,0.11949,853.16686
12_06_500,243,0.11989,853.39119
12_06_500,244,0.12043,853.45131
12_06_500,245,0.12095,853.36765
12_06_500,246,0.12135,853.18971
12_06_500,247,0.12175,852.91802
12_06_500,248,0.12221,852.55421
12_06_500,249,0.12266,852.12585
12_06_500,250,0.12305,851.63033
12_06_500,251,0.12354,851.10067
12_06_500,252,0.12388,850.54247
12_06_500,253,0.12439,849.9625
12_06_500,254,0.12486,849.41876
12_06_500,255,0.12525,848.92682
12_06_500,256,0.12574,848.5039
12_06_500,257,0.12613,848.18779
12_06_500,258,0.12656,847.97696
12_06_500,259,0.12693,847.92114
12_06_500,260,0.12745,847.73334
12_06_500,261,0.12788,847.58893
12_06_500,262,0.1283,847.48871
12_06_500,263,0.12879,847.45229
12_06_500,264,0.12919,847.27418
12_06_500,265,0.12961,847.11809
12_06_500,266,0.13009,846.96886
12_06_500,267,0.13044,846.79626
12_06_500,268,0.1309,846.62932
12_06_500,269,0.13136,846.47175
12_06_500,270,0.13178,846.33692
12_06_500,271,0.13228,846.21718
12_06_500,272,0.13268,846.08979
12_06_500,273,0.13316,845.9536
12_06_500,274,0.13349,845.80374
12_06_500,275,0.13393,845.65417
12_06_500,276,0.13439,845.51288
12_06_500,277,0.13481,845.54362
12_06_500,278,0.13535,845.44459
12_06_500,279,0.13571,845.34381
12_06_500,280,0.13613,845.19934
12_06_500,281,0.13664,844.9982
12_06_500,282,0.13701,844.72741
12_06_500,283,0.13756,844.374
12_06_500,284,0.13803,843.925
12_06_500,285,0.13853,843.36741
12_06_500,286,0.13906,842.68828
12_06_500,287,0.13949,841.87461
12_06_500,288,0.13996,840.91345
15_06_800,1,0.0,0.0
15_06_800,2,0.00535,225.56362
15_06_800,3,0.00643,226.26981
15_06_800,4,0.00764,224.94181
15_06_800,5,0.0089,221.42632
15_06_800,6,0.01019,220.08972
15_06_800,7,0.01154,218.14224
15_06_800,8,0.01303,215.88227
15_06_800,9,0.01464,212.87234
15_06_800,10,0.01619,210.77451
15_06_800,11,0.01771,208.89084
15_06_800,12,0.01926,206.95258
15_06_800,13,0.02093,205.05962
15_06_800,14,0.02261,203.31183
15_06_800,15,0.02423,201.81903
15_06_800,16,0.02575,200.31305
15_06_800,17,0.0273,199.10003
15_06_800,18,0.0289,198.26766
15_06_800,19,0.0306,197.90362
15_06_800,20,0.0322,196.92561
15_06_800,21,0.0337,196.1038
15_06_800,22,0.0353,195.4835
15_06_800,23,0.0369,195.1363
15_06_800,24,0.0386,194.67702
15_06_800,25,0.0401,194.16142
15_06_800,26,0.0416,193.93321
15_06_800,27,0.0432,193.60018
15_06_800,28,0.0448,193.23492
15_06_800,29,0.0465,192.44522
15_06_800,30,0.0481,191.58475
15_06_800,31,0.0496,190.69378
15_06_800,32,0.0512,189.46003
15_06_800,33,0.0527,188.15485
15_06_800,34,0.0544,186.82122
15_06_800,35,0.0559,185.5021
15_06_800,36,0.0574,184.21452
15_06_800,37,0.0589,183.02624
15_06_800,38,0.0604,181.97906
15_06_800,39,0.06206,181.11481
15_06_800,40,0.06366,180.47529
15_06_800,41,0.06521,180.1023
15_06_800,42,0.06671,180.03767
15_06_800,43,0.06834,180.33313
15_06_800,44,0.06999,180.32587
15_06_800,45,0.0716,180.4603
15_06_800,46,0.07314,180.75385
15_06_800,47,0.07471,180.75913
15_06_800,48,0.0764,180.76471
15_06_800,49,0.07821,180.77115
15_06_800,50,0.07988,180.6301
15_06_800,51,0.08151,180.5578
15_06_800,52,0.0832,180.55548
15_06_800,53,0.08508,180.78323
15_06_800,54,0.08683,180.96975
15_06_800,55,0.08851,181.1162
15_06_800,56,0.0903,181.22375
15_06_800,57,0.0923,181.60748
15_06_800,58,0.09429,181.7958
15_06_800,59,0.09616,181.80787
15_06_800,60,0.09803,181.66287
15_06_800,61,0.09993,181.37996
15_06_800,62,0.10181,180.97829
15_06_800,63,0.10368,180.47703
15_06_800,64,0.10543,179.87931
15_06_800,65,0.10736,179.21366
15_06_800,66,0.10935,178.49864
15_06_800,67,0.11128,177.75285
15_06_800,68,0.11309,177.38213
15_06_800,69,0.11479,176.80265
15_06_800,70,0.11664,176.05564
15_06_800,71,0.11841,175.42274
15_06_800,72,0.12008,174.80493
15_06_800,73,0.12179,174.25217
15_06_800,74,0.12358,173.77159
15_06_800,75,0.1254,173.26223
15_06_800,76,0.12714,172.70869
15_06_800,77,0.12881,172.09558
15_06_800,78,0.13041,171.40749
15_06_800,79,0.13199,170.62904
15_06_800,80,0.13374,169.74482
15_06_800,81,0.1354,168.73944
15_06_800,82,0.13701,167.5975
15_06_800,83,0.13863,166.30359
