Case,Size,Folder,Sample_Index,True_Strain,RVE1_Stress,RVE2_Stress,RVE3_Stress,Mean_Stress,Errorbar_Lower,Errorbar_Upper,Experiment_Stress,Relative_Error_pct
01_001_20,L=1.6um,161616,1,0.02875,895.4960405280849,1035.2359351246994,961.9710106590522,964.2343287706121,69.897435518936,69.897435518936,1056.4119516666667,8.725537679749735
01_001_20,L=1.6um,161616,2,0.051750000000000004,927.3296993377146,1075.562507602628,1038.1452644290855,1013.6791571231428,77.08556393096623,77.08556393096623,1071.5624934736843,5.401769537761733
01_001_20,L=1.6um,161616,3,0.07475000000000001,939.1985246452379,1093.113009432042,1073.1989675617292,1035.170167213003,83.70817999914523,83.70817999914523,1085.3314277634408,4.621745880316573
01_001_20,L=1.6um,161616,4,0.09775,943.9206264954877,1101.8525773042752,1089.96190576487,1045.2450365215443,87.95069111587942,87.95069111587942,1096.4058213656388,4.666227034472568
01_001_20,L=2.0um,202020,1,0.02875,992.2645061092021,1008.2067407999531,1002.7490943826598,1001.0734470972716,8.102132873664653,8.102132873664653,1056.4119516666667,5.238345181734206
01_001_20,L=2.0um,202020,2,0.051750000000000004,1056.9948291732503,1070.4567864254966,1090.2095907866267,1072.5537354617911,16.7063758398992,16.7063758398992,1071.5624934736843,0.09250435640888403
01_001_20,L=2.0um,202020,3,0.07475000000000001,1091.824386122632,1123.3365579505312,1166.8829273293807,1127.3479571341813,37.68971536877454,37.68971536877454,1085.3314277634408,3.8713086432339483
01_001_20,L=2.0um,202020,4,0.09775,1113.5859643439803,1172.3964045002601,1242.925358954771,1176.3025759330037,64.75811440289115,64.75811440289115,1096.4058213656388,7.287151619447696
01_001_20,L=2.4um,242424,1,0.02875,1015.4931776029302,1026.1527116393336,1043.7398409593088,1028.461910067191,14.26421381382651,14.26421381382651,1056.4119516666667,2.645752119273157
01_001_20,L=2.4um,242424,2,0.051750000000000004,1091.2185760461484,1109.7618686379205,1122.4976792710045,1107.8260413183577,15.729149538235498,15.729149538235498,1071.5624934736843,3.384174797600268
01_001_20,L=2.4um,242424,3,0.07475000000000001,1123.2112737786376,1143.5962943823063,1148.1833300691815,1138.3302994100418,13.292814830970096,13.292814830970096,1085.3314277634408,4.8831969931817545
01_001_20,L=2.4um,242424,4,0.09775,1137.3089474728993,1159.1033851349064,1155.2676346083376,1150.5599890720478,11.634896781763516,11.634896781763516,1096.4058213656388,4.93924481712043
02_001_500,L=1.6um,161616,1,0.034965,518.402749704789,586.252268228063,567.7452193864744,557.4667457731088,35.0731315371969,35.0731315371969,556.8150451256281,0.11704077560145956
02_001_500,L=1.6um,161616,2,0.062937,518.3306010097868,585.9149087067422,572.3048210526332,558.8501102563873,35.74467224184806,35.74467224184806,563.6267306529412,0.8474793931473651
02_001_500,L=1.6um,161616,3,0.09090900000000002,513.5677442269115,579.4618303221714,565.2449958228472,552.7581901239768,34.6763302989718,34.6763302989718,565.6716168604651,2.282848626586417
02_001_500,L=1.6um,161616,4,0.118881,507.0121850797891,567.1637687283139,554.7502275302197,542.9753937794409,31.757491812960126,31.757491812960126,545.7143867127659,0.5019096069326553
02_001_500,L=2.0um,202020,1,0.034965,573.6441043871284,556.8916823070979,555.2505950098301,561.9287939013522,10.178883372596339,10.178883372596339,556.8150451256281,0.9183927087620789
02_001_500,L=2.0um,202020,2,0.062937,580.9037583143519,556.1189508319915,557.5874332053635,564.870047450569,13.904999934116116,13.904999934116116,563.6267306529412,0.22059223418794835
02_001_500,L=2.0um,202020,3,0.09090900000000002,577.9782258763148,550.434324926823,552.0767501806702,560.163100327936,15.450191387390424,15.450191387390424,565.6716168604651,0.9738011185892366
02_001_500,L=2.0um,202020,4,0.118881,571.21899391627,543.0686940242819,543.7195196593038,552.6690691999519,16.068001547722208,16.068001547722208,545.7143867127659,1.2744180209503198
02_001_500,L=2.4um,242424,1,0.034965,595.6292620603977,604.0953845037812,608.223400854901,602.6493491396933,6.420385245407655,6.420385245407655,556.8150451256281,8.231513213462847
02_001_500,L=2.4um,242424,2,0.062937,597.9212274124402,605.0135186706977,606.5930131126927,603.1759197319435,4.618716726814798,4.618716726814798,563.6267306529412,7.016911535261289
02_001_500,L=2.4um,242424,3,0.09090900000000002,589.5757200645143,595.5536309014636,595.6290879485781,593.5861463048519,3.4733359200316256,3.4733359200316256,565.6716168604651,4.934758720848561
02_001_500,L=2.4um,242424,4,0.118881,577.548447776545,583.096043454598,581.5988477003594,580.7477796438342,2.8700508844646495,2.8700508844646495,545.7143867127659,6.419730500802788
05_001_800,L=1.6um,161616,1,0.035,88.89939101253583,101.98242083249069,101.30648032121148,97.396097388746,7.366120982331544,7.366120982331544,91.81266,6.081337136671572
05_001_800,L=1.6um,161616,2,0.06300000000000001,85.61460489126213,95.49858683148211,94.46068600421768,91.85795924232065,5.431750610665953,5.431750610665953,85.9888,6.825492671511463
05_001_800,L=1.6um,161616,3,0.09100000000000001,81.75972046802649,88.04998858798126,86.21173127597987,85.34048011066254,3.234374313531127,3.234374313531127,84.24759,1.2972360522865254
05_001_800,L=1.6um,161616,4,0.11900000000000001,77.50532214633445,79.84945583688781,77.52794588486906,78.29424128936377,1.3469028083010015,1.3469028083010015,81.70559,4.175171748513453
05_001_800,L=2.0um,202020,1,0.035,102.52323107253277,96.25823482827707,96.92037788722612,98.56728126267865,3.441912626896883,3.441912626896883,91.81266,7.356960644293123
05_001_800,L=2.0um,202020,2,0.06300000000000001,96.09175800439934,90.67150922149582,91.81760769781432,92.86029164123649,2.8566005271204027,2.8566005271204027,85.9888,7.9911472671283805
05_001_800,L=2.0um,202020,3,0.09100000000000001,88.25089809415577,84.33009470641198,85.33293664421264,85.97130981492678,2.0368640185715714,2.0368640185715714,84.24759,2.046016764309556
05_001_800,L=2.0um,202020,4,0.11900000000000001,80.18990662574619,77.64875906814238,78.1394845662605,78.65938342004969,1.3479906679971605,1.3479906679971605,81.70559,3.7282719333527945
05_001_800,L=2.4um,242424,1,0.035,105.18687321351138,107.04624001254744,106.58177843697118,106.27163055434335,0.967706053077746,0.967706053077746,91.81266,15.748340756430926
05_001_800,L=2.4um,242424,2,0.06300000000000001,97.72196225592194,99.5810767396047,99.36899656888384,98.89067852147015,1.017677641358492,1.017677641358492,85.9888,15.004138354611477
05_001_800,L=2.4um,242424,3,0.09100000000000001,88.52412095218679,90.44111527313588,90.31751390944777,89.76091671159014,1.0728779693585755,1.0728779693585755,84.24759,6.544195165214981
05_001_800,L=2.4um,242424,4,0.11900000000000001,78.92192601586031,80.90731414025059,80.41329939522846,80.08084651711312,1.0336030128839955,1.0336030128839955,81.70559,1.9885340560993252
06_01_20,L=1.6um,161616,1,0.0294475,951.4074602762923,1099.0617810679455,1019.2876577003009,1023.2522996815129,73.90695773498256,73.90695773498256,1099.8657131841564,6.965706138874404
06_01_20,L=1.6um,161616,2,0.053005500000000004,986.0863596139677,1142.2933373793944,1101.2939299879579,1076.55787566044,80.98801925854566,80.98801925854566,1115.557355085084,3.4959636317103158
06_01_20,L=1.6um,161616,3,0.0765635,999.3501704868257,1161.0210380052335,1139.2557055406642,1099.8756380109078,87.73516763547427,87.73516763547427,1130.794161744612,2.7342309307648427
06_01_20,L=1.6um,161616,4,0.1001215,1005.031361078789,1170.3603621908494,1157.4620102730478,1110.9512445142288,91.95574017309477,91.95574017309477,1145.4422056219512,3.0111480909675814
06_01_20,L=2.0um,202020,1,0.0294475,1053.080199878345,1038.6205535277,1032.7298740893273,1041.4768758317907,10.471526763486997,10.471526763486997,1099.8657131841564,5.308724206278568
06_01_20,L=2.0um,202020,2,0.053005500000000004,1122.4515192555566,1079.9613190193693,1097.358174549195,1099.9236709413735,21.360959899581633,21.360959899581633,1115.557355085084,1.401423608785954
06_01_20,L=2.0um,202020,3,0.0765635,1159.7248920471768,1099.5212005023104,1128.13814513516,1129.1280792282157,30.114051471676802,30.114051471676802,1130.794161744612,0.1473373822363751
06_01_20,L=2.0um,202020,4,0.1001215,1183.0564239971081,1110.3532158096145,1145.1764830690358,1146.1953742919195,36.362311872068325,36.362311872068325,1145.4422056219512,0.06575352874825867
06_01_20,L=2.4um,242424,1,0.0294475,1076.2818422282191,1086.9392062119296,1105.5596349329132,1089.593561124354,14.818282168172983,14.818282168172983,1099.8657131841564,0.9339460205613795
06_01_20,L=2.4um,242424,2,0.053005500000000004,1158.1791772250972,1177.6345993903417,1191.7685350723043,1175.860770562581,16.864788515708682,16.864788515708682,1115.557355085084,5.405675934331273
06_01_20,L=2.4um,242424,3,0.0765635,1192.8732819269724,1214.4226307184492,1219.7440013092123,1209.0133046515446,14.228650547516494,14.228650547516494,1130.794161744612,6.917186659882865
06_01_20,L=2.4um,242424,4,0.1001215,1208.140909359769,1231.2670491041704,1227.352071412496,1222.2533432921452,12.377493938731586,12.377493938731586,1145.4422056219512,6.705806481828318
07_01_500,L=1.6um,161616,1,0.03492,645.124450184116,728.5496689283685,701.105287084553,691.5931353990126,42.518261404932176,42.518261404932176,687.3731973199147,0.613922407151102
07_01_500,L=1.6um,161616,2,0.062856,646.9977490041588,730.2614807613934,711.4279545655671,696.2290614437064,43.663108233753675,43.663108233753675,696.5626421445947,0.04788954800407938
07_01_500,L=1.6um,161616,3,0.090792,642.0086358791594,723.3796184424114,704.6897332467878,690.0259958561196,42.62133381915826,42.62133381915826,703.6929166999296,1.9421711544153366
07_01_500,L=1.6um,161616,4,0.118728,634.4537057947986,713.6291254062935,692.554191701228,680.21234096744,41.005215855003144,41.005215855003144,695.3320305133998,2.174456070259861
07_01_500,L=2.0um,202020,1,0.03492,709.2908659849218,693.2418358491207,688.2835897706694,696.9387638682373,10.98075002307994,10.98075002307994,687.3731973199147,1.3916118035470426
07_01_500,L=2.0um,202020,2,0.062856,721.2476697225615,693.8819013017768,694.1403604207687,703.089977148369,15.725554044077768,15.725554044077768,696.5626421445947,0.9370779609537713
07_01_500,L=2.0um,202020,3,0.090792,719.309488917721,687.7272012990585,688.4698116228608,698.5021672798799,18.023494190324897,18.023494190324897,703.6929166999296,0.7376441195958645
07_01_500,L=2.0um,202020,4,0.118728,711.901758891602,679.1464821670215,678.7002894172907,689.9161768253048,19.041379574177277,19.041379574177277,695.3320305133998,0.778887416432723
07_01_500,L=2.4um,242424,1,0.03492,736.6315302952078,746.8564688001428,753.3961457066894,745.6280482673466,8.449547042757263,8.449547042757263,687.3731973199147,8.474995995562388
07_01_500,L=2.4um,242424,2,0.062856,744.0811180757458,752.8648587710139,755.9657997555865,750.9705922007821,6.164624809111146,6.164624809111146,696.5626421445947,7.810919903581793
07_01_500,L=2.4um,242424,3,0.090792,735.4100642036504,742.4033681324667,743.5627331299391,740.4587218220187,4.410526001507338,4.410526001507338,703.6929166999296,5.224694500906402
07_01_500,L=2.4um,242424,4,0.118728,721.2641927209305,727.3029771325088,726.6318946396563,725.0663548310318,3.3098210618809842,3.3098210618809842,695.3320305133998,4.276277089619711
10_01_800,L=1.6um,161616,1,0.0348775,136.45029472340718,156.32521876564365,154.38039953238226,149.05197100714437,10.956608249480949,10.956608249480949,151.47382417910447,1.598859198996961
10_01_800,L=1.6um,161616,2,0.0627795,131.69619387761477,146.77725511263185,144.37467875324958,140.94937591449875,8.103031941591347,8.103031941591347,136.6677405,3.132879345801972
10_01_800,L=1.6um,161616,3,0.0906815,125.94852496356259,135.79484584961725,131.91383893058855,131.21906991458945,4.959792005415478,4.959792005415478,136.9012788630137,4.150588654551555
10_01_800,L=1.6um,161616,4,0.1185835,119.53085007929366,124.0117104665679,116.65539492627413,120.06598515737856,3.7072391001848852,3.7072391001848852,131.91406463043478,8.981665075857777
10_01_800,L=2.0um,202020,1,0.0348775,155.9271480005104,147.7328018870133,147.77948271855337,150.47981086869234,4.717590078183048,4.717590078183048,151.47382417910447,0.6562277778349317
10_01_800,L=2.0um,202020,2,0.0627795,146.1755038459934,139.5455364519028,140.14904936608903,141.95669655466176,3.6660343943343316,3.6660343943343316,136.6677405,3.869937437548953
10_01_800,L=2.0um,202020,3,0.0906815,134.10773703111835,130.11960836926488,130.3081042074163,131.51181653593318,2.2501077936938736,2.2501077936938736,136.9012788630137,3.93675089951009
10_01_800,L=2.0um,202020,4,0.1185835,121.6062914526758,120.27416430301658,119.25291796769903,120.37779124113047,1.1801040617992442,1.1801040617992442,131.91406463043478,8.745294462439528
10_01_800,L=2.4um,242424,1,0.0348775,160.44910085619594,163.04564684636202,162.52462611993215,162.00645794083005,1.3736398604209858,1.3736398604209858,151.47382417910447,6.953434904549359
10_01_800,L=2.4um,242424,2,0.0627795,149.26688234378435,151.77582294537171,151.8014108431709,150.94803871077565,1.4559803339451451,1.4559803339451451,136.6677405,10.448916590360723
10_01_800,L=2.4um,242424,3,0.0906815,135.31699704921186,137.7625647962164,138.30395312408794,137.12783832317209,1.5914254365182317,1.5914254365182317,136.9012788630137,0.16549112034599667
10_01_800,L=2.4um,242424,4,0.1185835,120.55156378969397,122.99756962800392,123.45718802918056,122.33544048229281,1.5618816566798788,1.5618816566798788,131.91406463043478,7.261260711643647
11_06_20,L=1.6um,161616,1,0.0296675,996.116939386207,1151.5122270631343,1063.6996594480454,1070.4429419657956,77.91680019343963,77.91680019343963,1141.067565860585,6.189346363685736
11_06_20,L=1.6um,161616,2,0.0534015,1033.2235327139229,1198.2107317386187,1150.9635843605279,1127.4659496043564,84.96645273197227,84.96645273197227,1157.1450823371479,2.5648583903452216
11_06_20,L=1.6um,161616,3,0.0771355,1047.7664951927336,1218.2433060561273,1191.7641573041342,1152.591319517665,91.74131662300304,91.74131662300304,1172.977034272973,1.7379466229655052
11_06_20,L=1.6um,161616,4,0.1008695,1054.1897199315063,1228.2937895716484,1211.421407334242,1164.6349722791322,96.01970967040764,96.01970967040764,1188.12449877256,1.9770256835621673
11_06_20,L=2.0um,202020,1,0.0296675,1100.9206391501043,1087.4290192780784,1079.3655051221697,1089.2383878501175,10.890882044750477,10.890882044750477,1141.067565860585,4.54216556154397
11_06_20,L=2.0um,202020,2,0.0534015,1174.7604887215462,1131.847917728007,1148.6928738387267,1151.7670934294265,21.620830393113234,21.620830393113234,1157.1450823371479,0.46476357976297683
11_06_20,L=2.0um,202020,3,0.0771355,1214.3646189379967,1152.7291333925066,1181.6968368818912,1182.9301964041315,30.836247362323565,30.836247362323565,1172.977034272973,0.8485385340325595
11_06_20,L=2.0um,202020,4,0.1008695,1239.1836498148427,1164.3120820073402,1200.0468719782418,1201.1808679334752,37.44866321523674,37.44866321523674,1188.12449877256,1.0989058111674004
11_06_20,L=2.4um,242424,1,0.0296675,1123.5917102317244,1133.9133469781482,1153.1109728274419,1136.872010012438,14.980386552475421,14.980386552475421,1141.067565860585,0.36768689021344364
11_06_20,L=2.4um,242424,2,0.0534015,1211.5155902819063,1231.5670822053692,1247.060702534911,1230.0477916740622,17.821193396026096,17.821193396026096,1157.1450823371479,6.300222024853514
11_06_20,L=2.4um,242424,3,0.0771355,1249.1604975989358,1271.5716129496545,1277.837341634324,1266.1898173943048,15.076907458334516,15.076907458334516,1172.977034272973,7.94668441050138
11_06_20,L=2.4um,242424,4,0.1008695,1265.8500246023902,1289.9368720773998,1286.4348387919615,1280.7405784905839,13.013935054624246,13.013935054624246,1188.12449877256,7.795149398375734
12_06_500,L=1.6um,161616,1,0.03499,764.1306930723663,862.4618873641398,825.0226156608499,817.2050653657852,49.629542735889935,49.629542735889935,819.15805875,0.23841471903419498
12_06_500,L=1.6um,161616,2,0.062982,768.3200014688285,866.4710754310075,841.9472369304997,825.5794379434452,51.081669537543,51.081669537543,842.3741854814815,1.9937395788591032
12_06_500,L=1.6um,161616,3,0.090974,763.2732977063505,859.3418328819621,836.2502460283946,819.621792205569,50.14648512209317,50.14648512209317,848.0866384000001,3.3563606482626387
12_06_500,L=1.6um,161616,4,0.118966,754.8277929269259,848.4568403161941,822.9441165286279,808.7429165905827,48.40304937207685,48.40304937207685,852.8900854358974,5.176185020693709
12_06_500,L=2.0um,202020,1,0.03499,836.1285723193544,821.7559866797096,812.635350586142,823.5066365284019,11.844046944394297,11.844046944394297,819.15805875,0.5308594271827923
12_06_500,L=2.0um,202020,2,0.062982,853.1256292236502,824.1488521143361,822.8004352752334,833.35830553774,17.132275717798148,17.132275717798148,842.3741854814815,1.0702939500203548
12_06_500,L=2.0um,202020,3,0.090974,852.51348321738,817.7092924684788,817.38538386437,829.2027198500763,20.18836287990622,20.18836287990622,848.0866384000001,2.226649695312993
12_06_500,L=2.0um,202020,4,0.118966,844.8364140369434,808.1120105092408,806.5177748586872,819.8220664682905,21.67772093743724,21.67772093743724,852.8900854358974,3.8771723968049674
12_06_500,L=2.4um,242424,1,0.03499,867.6659902990131,879.0521728475635,887.8912407742575,878.2031346402779,10.139321407503914,10.139321407503914,819.15805875,7.208019900381389
12_06_500,L=2.4um,242424,2,0.062982,881.5210573287972,892.0215404251976,896.8588711537961,890.1338229692637,7.841220640159342,7.841220640159342,842.3741854814815,5.669646376981976
12_06_500,L=2.4um,242424,3,0.090974,873.2320405220885,881.2831795704457,883.670817117659,879.395345736731,5.469456247274122,5.469456247274122,848.0866384000001,3.691687372388968
12_06_500,L=2.4um,242424,4,0.118966,857.4458796854109,863.9305413386604,864.1942258830592,861.8568823023769,3.8223148025638825,3.8223148025638825,852.8900854358974,1.0513426078691883
15_06_800,L=1.6um,161616,1,0.0346575,190.46565320424307,218.04993293249169,214.49527542187263,207.67028718620247,15.005281415033311,15.005281415033311,195.73258921875,6.098983319589635
15_06_800,L=1.6um,161616,2,0.0623835,184.34140162972417,205.462863826696,201.52469209941282,197.109652518611,11.231583691072357,11.231583691072357,180.98550705,8.90908102611579
15_06_800,L=1.6um,161616,3,0.09010950000000001,176.6423191426706,190.09803126160347,184.65856570231935,183.79963870219783,6.7688524766427385,6.7688524766427385,181.21230403631284,1.427791937001424
15_06_800,L=1.6um,161616,4,0.1178355,167.9040531823012,170.9920664140057,166.4207114585129,168.43894368493991,2.3321454542195696,2.3321454542195696,175.6281643220339,4.093432659189989
15_06_800,L=2.0um,202020,1,0.0346575,216.49731651568888,206.26756839395702,205.4154438643152,209.39344292465367,6.166870685490303,6.166870685490303,195.73258921875,6.979345524641451
15_06_800,L=2.0um,202020,2,0.0623835,203.63723494816628,195.52583754974373,195.36424168826693,198.1757713953923,4.730456258049582,4.730456258049582,180.98550705,9.498144147333983
15_06_800,L=2.0um,202020,3,0.09010950000000001,187.0201406735185,182.7558048021618,181.97182140584775,183.91592229384267,2.7167602586466706,2.7167602586466706,181.21230403631284,1.4919617472487143
15_06_800,L=2.0um,202020,4,0.1178355,169.4429564628575,169.1444852811817,166.66283503145453,168.41675892516457,1.5262562138343527,1.5262562138343527,175.6281643220339,4.10606432328611
15_06_800,L=2.4um,242424,1,0.0346575,223.1469670868848,226.55585368138696,226.01188906214227,225.238236610138,1.8314012506584307,1.8314012506584307,195.73258921875,15.074468441436995
15_06_800,L=2.4um,242424,2,0.0623835,208.3439953879066,211.50426872214103,211.74126804243934,210.52984405082898,1.896705815975469,1.896705815975469,180.98550705,16.32414522156568
15_06_800,L=2.4um,242424,3,0.09010950000000001,189.27552842234346,192.25375007291913,193.48518085875818,191.67148645134026,2.1643859643357803,2.1643859643357803,181.21230403631284,5.771783803891989
15_06_800,L=2.4um,242424,4,0.1178355,168.67164168286905,171.64255780155545,173.20540839646674,171.17320262696376,2.303037312608851,2.303037312608851,175.6281643220339,2.536587290693013
