Case,Point_Index,True_Strain,LI_WARM_True_Stress,BI_Interpolated_Stress,Absolute_Error,Relative_Error_pct,Used_for_MAPE,Case_MAPE_pct
01_001_20.csv,1,0.0,0.0,0.0,0.0,,0,0.31870896325786224
01_001_20.csv,2,0.0059820717293904,408.39446199627,409.6685710661603,1.2741090698903008,0.31198000669801873,1,0.31870896325786224
01_001_20.csv,3,0.011928570968345,743.5912129672679,751.5852964641856,7.99408349691771,1.0750642769187218,1,0.31870896325786224
01_001_20.csv,4,0.0178399173671714,899.6375543689433,919.3996409017528,19.762086532809576,2.196672030512535,1,0.31870896325786224
01_001_20.csv,5,0.0237165268210428,949.3143751934008,958.2298751952172,8.91550000181644,0.9391514797192567,1,0.31870896325786224
01_001_20.csv,6,0.0295588015905227,977.0643865709412,983.5817895207998,6.517402949858592,0.6670392493509829,1,0.31870896325786224
01_001_20.csv,7,0.0353671423414218,996.8996613505652,1002.2469743308476,5.347312980282368,0.5363943020141076,1,0.31870896325786224
01_001_20.csv,8,0.0411419427877547,1012.2266174919276,1016.642779354762,4.416161862834315,0.4362819339582851,1,0.31870896325786224
01_001_20.csv,9,0.046883586296973,1024.5597635914942,1028.2502152531197,3.6904516616255023,0.3601987695367798,1,0.31870896325786224
01_001_20.csv,10,0.0525924514481166,1034.762828767722,1037.8619130003565,3.099084232634368,0.2994970583090044,1,0.31870896325786224
01_001_20.csv,11,0.0582689068587828,1043.2870775374624,1045.9348778270812,2.647800289618772,0.25379402722676725,1,0.31870896325786224
01_001_20.csv,12,0.063913325408167,1050.5493758682587,1052.8378535286238,2.2884776603650607,0.21783627813530215,1,0.31870896325786224
01_001_20.csv,13,0.0695260597573401,1056.803232296059,1058.7290242826784,1.9257919866195152,0.18222805606257012,1,0.31870896325786224
01_001_20.csv,14,0.0751074739796861,1062.178851439222,1063.786771607638,1.607920168416058,0.15137941846962705,1,0.31870896325786224
01_001_20.csv,15,0.0806579019727236,1066.8258370202198,1068.133200300104,1.3073632798841572,0.12254702075230846,1,0.31870896325786224
01_001_20.csv,16,0.0861776995220419,1070.8587413064452,1071.8843418957476,1.0256005893024849,0.09577365806915435,1,0.31870896325786224
01_001_20.csv,17,0.0916671892871969,1074.3515257203262,1075.0991390021454,0.7476132818192127,0.06958739890260374,1,0.31870896325786224
01_001_20.csv,18,0.0971267089999163,1077.3366274077998,1077.8405448873964,0.5039174795965664,0.04677437550870723,1,0.31870896325786224
01_001_20.csv,19,0.1025565908534479,1079.9002598104505,1080.161570357986,0.2613105475354587,0.02419765577066582,1,0.31870896325786224
01_001_20.csv,20,0.1079571415585973,1082.0602792327004,1082.1045427825077,0.0442635498072832,0.004090673196013712,1,0.31870896325786224
01_001_20.csv,21,0.1133286829121737,1083.8672142011978,1083.6840794360114,0.18313476518642346,0.016896420778018683,1,0.31870896325786224
01_001_20.csv,22,0.1186715315172836,1085.3400897219335,1084.9305539545949,0.40953576733863883,0.0377334045998027,1,0.31870896325786224
01_001_20.csv,23,0.1239859791491398,1086.51251664747,1085.9104507298816,0.6020659175883338,0.05541269965725395,1,0.31870896325786224
01_001_20.csv,24,0.1292723326662926,1087.4046306077644,1086.6045438182027,0.8000867895616466,0.0735776515053525,1,0.31870896325786224
01_001_20.csv,25,0.134530887539002,1088.0447504519725,1087.0927670586934,0.9519833932790789,0.08749487490138858,1,0.31870896325786224
01_001_20.csv,26,0.1397619475581712,1088.4759883076003,1087.3567317100024,1.119256597597996,0.10282786295894818,1,0.31870896325786224
01_001_20.csv,27,0.1449657730344857,1088.7104170937964,1087.4471004398883,1.2633166539080776,0.1160378953000537,1,0.31870896325786224
01_001_20.csv,28,0.1501426588400785,1088.7575461010783,1087.4001536444666,1.3573924566117057,0.12467352915005081,1,0.31870896325786224
02_001_500.csv,1,0.0,0.0,0.0,0.0,,0,0.6131433900997458
02_001_500.csv,2,0.0059820717293904,369.7757957955375,386.88838753226446,17.112591736726984,4.627829060555699,1,0.6131433900997458
02_001_500.csv,3,0.011928570968345,503.3858417266893,522.2259722217952,18.84013049510594,3.7426818423183,1,0.6131433900997458
02_001_500.csv,4,0.0178399173671714,535.5485871167762,539.2449883590798,3.6964012423036365,0.6902083828105847,1,0.6131433900997458
02_001_500.csv,5,0.0237165268210428,546.7675626113912,547.5903751115588,0.822812500167629,0.15048670704564704,1,0.6131433900997458
02_001_500.csv,6,0.0295588015905227,552.3241720037063,552.2619973211296,0.06217468257671044,0.011256918622836088,1,0.6131433900997458
02_001_500.csv,7,0.0353671423414218,555.4342884757834,554.8991524902558,0.5351359855276314,0.09634550776404993,1,0.6131433900997458
02_001_500.csv,8,0.0411419427877547,557.1604651513292,556.3027739896859,0.8576911616432881,0.15393970234595386,1,0.6131433900997458
02_001_500.csv,9,0.046883586296973,558.0016003198093,556.9081213154677,1.0934790043415887,0.19596341725810093,1,0.6131433900997458
02_001_500.csv,10,0.0525924514481166,558.2373596285861,556.9587155839181,1.278644044667999,0.22905024585218076,1,0.6131433900997458
02_001_500.csv,11,0.0582689068587828,558.033130397496,556.6049382606311,1.4281921368649364,0.2559332159808526,1,0.6131433900997458
02_001_500.csv,12,0.063913325408167,557.4971795004676,555.9488639492292,1.5483155512383746,0.2777261676239702,1,0.6131433900997458
02_001_500.csv,13,0.0695260597573401,556.7056155779137,555.0557405826839,1.6498749952297658,0.2963639936552531,1,0.6131433900997458
02_001_500.csv,14,0.0751074739796861,555.7137381343018,553.9777133514367,1.7360247828651154,0.3123955129656274,1,0.6131433900997458
02_001_500.csv,15,0.0806579019727236,554.5625299382095,552.7515076012344,1.8110223369751566,0.32656774289762136,1,0.6131433900997458
02_001_500.csv,16,0.0861776995220419,553.2843411097538,551.4015896387327,1.882751471021038,0.3402864189585949,1,0.6131433900997458
02_001_500.csv,17,0.0916671892871969,551.893329033478,549.9496080847325,1.943720948745522,0.3521914193363289,1,0.6131433900997458
02_001_500.csv,18,0.0971267089999163,550.4106604242988,548.4110658232676,1.9995946010312764,0.3632914012766096,1,0.6131433900997458
02_001_500.csv,19,0.1025565908534479,548.8509189902295,546.7952286774148,2.055690312814704,0.3745443874990212,1,0.6131433900997458
02_001_500.csv,20,0.1079571415585973,547.2232969653144,545.1209823289714,2.1023146363429532,0.38417856988208743,1,0.6131433900997458
02_001_500.csv,21,0.1133286829121737,545.5349840450992,543.3890807299258,2.1459033151734275,0.3933575990419024,1,0.6131433900997458
02_001_500.csv,22,0.1186715315172836,543.7996185934685,541.6097808820077,2.1898377114607683,0.40269202783274444,1,0.6131433900997458
02_001_500.csv,23,0.1239859791491398,542.0233843010765,539.7976611579516,2.225723143124924,0.41063230989469757,1,0.6131433900997458
02_001_500.csv,24,0.1292723326662926,540.214134162135,537.9537622207595,2.2603719413755243,0.4184214737145542,1,0.6131433900997458
02_001_500.csv,25,0.134530887539002,538.3737356081565,536.0754365483444,2.2982990598120523,0.4268965790494688,1,0.6131433900997458
02_001_500.csv,26,0.1397619475581712,536.5020260961264,534.1693524390166,2.332673657109808,0.43479307507626397,1,0.6131433900997458
02_001_500.csv,27,0.1449657730344857,534.6121125725049,532.2565791186807,2.355533453824137,0.4406060765233178,1,0.6131433900997458
02_001_500.csv,28,0.1501426588400785,532.7020347644975,530.3249490091275,2.37708575536999,0.44623177691087224,1,0.6131433900997458
05_001_800.csv,1,0.0,0.0,0.0,0.0,,0,1.8990872762485216
05_001_800.csv,2,0.0059820717293904,92.08971678639044,96.4632747700156,4.373557983625162,4.749236001854565,1,1.8990872762485216
05_001_800.csv,3,0.011928570968345,98.32988456213694,97.84497819001665,0.4849063721202924,0.49314241980409196,1,1.8990872762485216
05_001_800.csv,4,0.0178399173671714,98.4946609815484,97.8069331378336,0.6877278437148107,0.698238703358395,1,1.8990872762485216
05_001_800.csv,5,0.0237165268210428,98.20366408250672,97.31430470732552,0.8893593751812006,0.9056274870090357,1,1.8990872762485216
05_001_800.csv,6,0.0295588015905227,97.60922234856366,96.59162270933356,1.0175996392300988,1.0425240717483013,1,1.8990872762485216
05_001_800.csv,7,0.0353671423414218,96.83530051432672,95.72656742272352,1.1087330916031988,1.1449678843503588,1,1.8990872762485216
05_001_800.csv,8,0.0411419427877547,95.94103379185782,94.7585205631303,1.1825132287275153,1.2325416789785217,1,1.8990872762485216
05_001_800.csv,9,0.046883586296973,94.9562263561636,93.71179032051192,1.244436035651674,1.310536531837333,1,1.8990872762485216
05_001_800.csv,10,0.0525924514481166,93.90000387845016,92.5980317850451,1.3019720934050696,1.3865516928949448,1,1.8990872762485216
05_001_800.csv,11,0.0582689068587828,92.78439456644772,91.4282347476069,1.3561598188408226,1.4616249048967025,1,1.8990872762485216
05_001_800.csv,12,0.063913325408167,91.6204520261474,90.21014424158636,1.4103077845610414,1.5392936329964362,1,1.8990872762485216
05_001_800.csv,13,0.0695260597573401,90.40746226302169,88.94399644694045,1.4634658160812393,1.6187444923778418,1,1.8990872762485216
05_001_800.csv,14,0.0751074739796861,89.15285035282113,87.63445372885025,1.5183966239708866,1.7031386186328914,1,1.8990872762485216
05_001_800.csv,15,0.0806579019727236,87.85682208228553,86.28746511981376,1.5693569624717725,1.7862664791152287,1,1.8990872762485216
05_001_800.csv,16,0.0861776995220419,86.52462140815396,84.91363812650116,1.610983281652807,1.861878451976665,1,1.8990872762485216
05_001_800.csv,17,0.0916671892871969,85.16713208388694,83.52161859386456,1.6455134900223811,1.9320992145204587,1,1.8990872762485216
05_001_800.csv,18,0.0971267089999163,83.7896490554158,82.12079233833356,1.6688567170822353,1.9917218127724905,1,1.8990872762485216
05_001_800.csv,19,0.1025565908534479,82.4036708321251,80.71359718893598,1.6900736431891232,2.0509688781124633,1,1.8990872762485216
05_001_800.csv,20,0.1079571415585973,81.01099077276712,79.3006057323924,1.7103850403747174,2.1112999903584506,1,1.8990872762485216
05_001_800.csv,21,0.1133286829121737,79.61437847144651,77.89291851463162,1.721459956814897,2.1622475611390897,1,1.8990872762485216
05_001_800.csv,22,0.1186715315172836,78.22274902689253,76.49524551426191,1.7275035126306193,2.2084413218930896,1,1.8990872762485216
05_001_800.csv,23,0.1239859791491398,76.841521405305,75.10896687148761,1.7325545338173924,2.2547113879733516,1,1.8990872762485216
05_001_800.csv,24,0.1292723326662926,75.47156034812156,73.73548349487498,1.7360768532465727,2.3003060295013267,1,1.8990872762485216
05_001_800.csv,25,0.134530887539002,74.12080800901322,72.3667450912717,1.7540629177415212,2.3664918999914626,1,1.8990872762485216
05_001_800.csv,26,0.1397619475581712,72.78881835517063,70.73019445839236,2.058623896778272,2.8282144748294784,1,1.8990872762485216
05_001_800.csv,27,0.1449657730344857,71.47200740114795,69.38129065948692,2.0907167416610264,2.9252245986691654,1,1.8990872762485216
05_001_800.csv,28,0.1501426588400785,70.14377736490474,67.89264172860499,2.2511356362997503,3.2093162371179464,1,1.8990872762485216
06_01_20.csv,1,0.0,0.0,0.0,0.0,,0,0.32613932245776533
06_01_20.csv,2,0.0059820717293904,408.4899718229352,409.6845354216299,1.1945635986946854,0.2924340084442717,1,0.32613932245776533
06_01_20.csv,3,0.011928570968345,754.9876399703957,762.3175366996668,7.329896729271127,0.9708631428136419,1,0.32613932245776533
06_01_20.csv,4,0.0178399173671714,943.9543551164612,966.896883907592,22.942528791130826,2.4304701458049074,1,0.32613932245776533
06_01_20.csv,5,0.0237165268210428,1002.1783127041706,1012.2166877062156,10.038375002044972,1.0016555811269252,1,0.32613932245776533
06_01_20.csv,6,0.0295588015905227,1033.2841930528955,1040.2246227358771,6.94042968298163,0.6716864275718518,1,0.32613932245776533
06_01_20.csv,7,0.0353671423414218,1055.1195225916008,1060.8309278564948,5.711405264893983,0.5413041027679538,1,0.32613932245776533
06_01_20.csv,8,0.0411419427877547,1071.9840836459775,1076.6930536141217,4.708969968144174,0.43927610866462363,1,0.32613932245776533
06_01_20.csv,9,0.046883586296973,1085.4819916430924,1089.415701605596,3.933709962503599,0.362392927085704,1,0.32613932245776533
06_01_20.csv,10,0.0525924514481166,1096.671947990621,1099.963510739136,3.2915627485149344,0.30014105444621847,1,0.32613932245776533
06_01_20.csv,11,0.0582689068587828,1106.0415488936128,1108.8334946908617,2.7919457972489,0.25242684599341847,1,0.32613932245776533
06_01_20.csv,12,0.063913325408167,1113.995764762989,1116.389189811014,2.3934250480249375,0.2148504620692303,1,0.32613932245776533
06_01_20.csv,13,0.0695260597573401,1120.8605319155397,1122.8895065190482,2.028974603508459,0.18101936375982133,1,0.32613932245776533
06_01_20.csv,14,0.0751074739796861,1126.800293186085,1128.4888791261055,1.68858594002063,0.14985671819857874,1,0.32613932245776533
06_01_20.csv,15,0.0806579019727236,1131.939078407272,1133.3118098511504,1.372731443878365,0.12127255521647921,1,0.32613932245776533
06_01_20.csv,16,0.0861776995220419,1136.4064343926002,1137.4796692594027,1.0732348668025224,0.09444111141241096,1,0.32613932245776533
06_01_20.csv,17,0.0916671892871969,1140.274146375987,1141.059354384397,0.785208008410109,0.06886133575032397,1,0.32613932245776533
06_01_20.csv,18,0.0971267089999163,1143.6155644268729,1144.13898752167,0.523423094797181,0.045769147524631355,1,0.32613932245776533
06_01_20.csv,19,0.1025565908534479,1146.4920473323336,1146.7437548525013,0.2517075201676562,0.021954580561926368,1,0.32613932245776533
06_01_20.csv,20,0.1079571415585973,1148.929312317333,1148.935567688427,0.006255371094084694,0.0005444522153819823,1,0.32613932245776533
06_01_20.csv,21,0.1133286829121737,1150.963786306138,1150.7655441191127,0.19824218702524377,0.01722401602760024,1,0.32613932245776533
06_01_20.csv,22,0.1186715315172836,1152.6601000970013,1152.2159266342878,0.44417346271347924,0.03853464370598931,1,0.32613932245776533
06_01_20.csv,23,0.1239859791491398,1154.0149948763028,1153.3323679236091,0.6826269526936812,0.05915234686936204,1,0.32613932245776533
06_01_20.csv,24,0.1292723326662926,1155.0587442938431,1154.1711404147036,0.8876038791395331,0.07684491230635883,1,0.32613932245776533
06_01_20.csv,25,0.134530887539002,1155.822281334713,1154.7353277273214,1.0869536073914787,0.0940415862321233,1,0.32613932245776533
06_01_20.csv,26,0.1397619475581712,1156.330480846791,1155.1001127984218,1.2303680483692006,0.10640280341552454,1,0.32613932245776533
06_01_20.csv,27,0.1449657730344857,1156.646443161857,1155.2456821716287,1.4007609902282638,0.12110537308177641,1,0.32613932245776533
06_01_20.csv,28,0.1501426588400785,1156.774192003013,1155.2560883646947,1.51810363831828,0.13123595329263069,1,0.32613932245776533
07_01_500.csv,1,0.0,0.0,0.0,0.0,,0,0.633980875905661
07_01_500.csv,2,0.0059820717293904,390.8046281330535,402.58448042858606,11.779852295532578,3.014256087960659,1,0.633980875905661
07_01_500.csv,3,0.011928570968345,596.6897525029078,629.5932178383305,32.90346533542265,5.514333905920783,1,0.633980875905661
07_01_500.csv,4,0.0178399173671714,655.2872332658703,663.8267769605422,8.53954369467192,1.3031756550653204,1,0.633980875905661
07_01_500.csv,5,0.0237165268210428,674.5098751374157,676.4821251378175,1.9722500004018002,0.2923974982575311,1,0.633980875905661
07_01_500.csv,6,0.0295588015905227,683.5298518499292,683.8314839298109,0.301632079881756,0.04412858912678186,1,0.633980875905661
07_01_500.csv,7,0.0353671423414218,688.6565280225941,688.256013863037,0.4005141595571331,0.058158769032099066,1,0.633980875905661
07_01_500.csv,8,0.0411419427877547,691.6977761133751,690.8596097319946,0.8381663813804607,0.12117523148478047,1,0.633980875905661
07_01_500.csv,9,0.046883586296973,693.4206116041914,692.2607370920109,1.1598745121805223,0.16726853698467584,1,0.633980875905661
07_01_500.csv,10,0.0525924514481166,694.2394495310052,692.8308567556958,1.4085927753094438,0.20289725342762088,1,0.633980875905661
07_01_500.csv,11,0.0582689068587828,694.4128958499493,692.8036807640947,1.6092150858546574,0.2317375001921596,1,0.633980875905661
07_01_500.csv,12,0.063913325408167,694.1026330679197,692.3233421749619,1.7792908929577607,0.25634406328259135,1,0.633980875905661
07_01_500.csv,13,0.0695260597573401,693.4147968232755,691.50058589131,1.9142109319654992,0.27605567990977803,1,0.633980875905661
07_01_500.csv,14,0.0751074739796861,692.4349176596993,690.4029429252205,2.0319747344788084,0.293453533704872,1,0.633980875905661
07_01_500.csv,15,0.0806579019727236,691.2224177348899,689.0820073367354,2.140410398154472,0.30965581312720114,1,0.633980875905661
07_01_500.csv,16,0.0861776995220419,689.8163218433583,687.5835648780248,2.232756965333465,0.3236741281167414,1,0.633980875905661
07_01_500.csv,17,0.0916671892871969,688.2521450552667,685.939266635537,2.3128784197297136,0.33605102960398175,1,0.633980875905661
07_01_500.csv,18,0.0971267089999163,686.5510433673771,684.1634888060798,2.387554561297293,0.3477606777184227,1,0.633980875905661
07_01_500.csv,19,0.1025565908534479,684.7414319070513,682.2805547035637,2.4608772034875983,0.35938780520902447,1,0.633980875905661
07_01_500.csv,20,0.1079571415585973,682.8308011839958,680.3007075559308,2.5300936280650603,0.37053009672059306,1,0.633980875905661
07_01_500.csv,21,0.1133286829121737,680.8332600882704,678.2379280632358,2.5953320250346223,0.38119935925253357,1,0.633980875905661
07_01_500.csv,22,0.1186715315172836,678.7615156259217,676.1088454551318,2.652670170789861,0.390810337610802,1,0.633980875905661
07_01_500.csv,23,0.1239859791491398,676.6225991818501,673.9268445448815,2.6957546369685588,0.39841333118760397,1,0.633980875905661
07_01_500.csv,24,0.1292723326662926,674.4374621845609,671.6869945415492,2.750467643011689,0.4078165578321654,1,0.633980875905661
07_01_500.csv,25,0.134530887539002,672.2029870802544,669.3991955915408,2.803791488713614,0.41710488388217604,1,0.633980875905661
07_01_500.csv,26,0.1397619475581712,669.9251194390272,667.0737034086233,2.851416030403925,0.42563205165251977,1,0.633980875905661
07_01_500.csv,27,0.1449657730344857,667.6123683139112,664.7127726027129,2.8995957111983444,0.434323246365465,1,0.633980875905661
07_01_500.csv,28,0.1501426588400785,665.2595394575656,662.3341136751151,2.925425782450475,0.43974202682396507,1,0.633980875905661
10_01_800.csv,1,0.0,0.0,0.0,0.0,,0,1.9054985379058902
10_01_800.csv,2,0.0059820717293904,135.75248227632494,145.2097357558191,9.45725347949417,6.966541842118127,1,1.9054985379058902
10_01_800.csv,3,0.011928570968345,148.4705113678421,148.55840663152304,0.08789526368093448,0.05920048558543061,1,1.9054985379058902
10_01_800.csv,4,0.0178399173671714,149.6615799336911,148.9044486476463,0.7571312860447961,0.5058955587534556,1,1.9054985379058902
10_01_800.csv,5,0.0237165268210428,149.49296878045573,148.33625003022007,1.1567187502356546,0.7737613077538137,1,1.9054985379058902
10_01_800.csv,6,0.0295588015905227,148.72913320395537,147.33043859427025,1.3986946096851227,0.940430821826322,1,1.9054985379058902
10_01_800.csv,7,0.0353671423414218,147.6301420521138,146.0607607678403,1.5693812842735042,1.0630493627239814,1,1.9054985379058902
10_01_800.csv,8,0.0411419427877547,146.31442628157373,144.61170008620996,1.7027261953637662,1.1637445729971747,1,1.9054985379058902
10_01_800.csv,9,0.046883586296973,144.8409847988754,143.02751751299718,1.8134672858782324,1.2520401517542794,1,1.9054985379058902
10_01_800.csv,10,0.0525924514481166,143.2497873607814,141.33622797103135,1.9135593897500485,1.33582005600515,1,1.9054985379058902
10_01_800.csv,11,0.0582689068587828,141.55939618320474,139.5524546574236,2.0069415257811443,1.4177381225784411,1,1.9054985379058902
10_01_800.csv,12,0.063913325408167,139.78344654734292,137.6877194362296,2.0957271111133196,1.4992670182899823,1,1.9054985379058902
10_01_800.csv,13,0.0695260597573401,137.93732919102968,135.75578891413397,2.181540276895703,1.581544524379244,1,1.9054985379058902
10_01_800.csv,14,0.0751074739796861,136.0253961228695,133.75543762338697,2.2699584994825273,1.6687755111788913,1,1.9054985379058902
10_01_800.csv,15,0.0806579019727236,134.05233155550803,131.6961665189071,2.3561650366009417,1.7576456964684029,1,1.9054985379058902
10_01_800.csv,16,0.0861776995220419,132.0227576963489,129.5875550516403,2.435202644708596,1.844532478490973,1,1.9054985379058902
10_01_800.csv,17,0.0916671892871969,129.94402347540074,127.44453439879068,2.499489076610061,1.9235121475850183,1,1.9054985379058902
10_01_800.csv,18,0.0971267089999163,127.82944387054886,125.27369541611006,2.555748454438799,1.9993425435120962,1,1.9054985379058902
10_01_800.csv,19,0.1025565908534479,125.68799796793049,123.09794483027838,2.590053137652106,2.060700448353838,1,1.9054985379058902
10_01_800.csv,20,0.1079571415585973,123.53807166188336,120.91407947424295,2.623992187640411,2.124035248681983,1,1.9054985379058902
10_01_800.csv,21,0.1133286829121737,121.3868612815648,118.7333127039352,2.653548577629607,2.186026189007826,1,1.9054985379058902
10_01_800.csv,22,0.1186715315172836,119.23305873204993,116.56410059736356,2.6689581346863633,2.238438033099746,1,1.9054985379058902
10_01_800.csv,23,0.1239859791491398,117.09241585008726,114.41955650729368,2.6728593427935863,2.282692114078193,1,1.9054985379058902
10_01_800.csv,24,0.1292723326662926,114.9755764329484,112.28481662972116,2.6907598032272375,2.3402881609351516,1,1.9054985379058902
10_01_800.csv,25,0.134530887539002,112.88225652944902,110.1304578993404,2.751798630108624,2.437760118119828,1,1.9054985379058902
10_01_800.csv,26,0.1397619475581712,110.80951786253512,107.86633661864288,2.9431812438922407,2.6560726015823004,1,1.9054985379058902
10_01_800.csv,27,0.1449657730344857,108.7601513648326,105.84544771291836,2.9147036519142375,2.6799371050311924,1,1.9054985379058902
10_01_800.csv,28,0.1501426588400785,106.72667518417713,103.8560816313634,2.8705935528137303,2.6896683025681973,1,1.9054985379058902
11_06_20.csv,1,0.0,0.0,0.0,0.0,,0,0.343786493751742
11_06_20.csv,2,0.0059820717293904,408.51100179119794,409.6870221770012,1.1760203858032696,0.2878797341189769,1,0.343786493751742
11_06_20.csv,3,0.011928570968345,763.2360823540583,770.5246565735596,7.288574219501243,0.9549567149683234,1,0.343786493751742
11_06_20.csv,4,0.0178399173671714,977.917740466586,1002.2363462830368,24.318605816450827,2.4867741743643883,1,0.343786493751742
11_06_20.csv,5,0.0237165268210428,1044.771500212848,1056.046500215145,11.27500000229702,1.0791833429606377,1,0.343786493751742
11_06_20.csv,6,0.0295588015905227,1078.9646050104614,1086.3847038825838,7.42009887212248,0.6877054944773223,1,0.343786493751742
11_06_20.csv,7,0.0353671423414218,1102.5670452257036,1108.604603322141,6.037558096437351,0.5475910170343807,1,0.343786493751742
11_06_20.csv,8,0.0411419427877547,1120.7310365003468,1125.755328489804,5.024291989457197,0.44830488545639935,1,0.343786493751742
11_06_20.csv,9,0.046883586296973,1135.2396039675896,1139.4550151020803,4.2154111344907506,0.37132347389556875,1,0.343786493751742
11_06_20.csv,10,0.0525924514481166,1147.2424614855609,1150.7832427402664,3.5407812547055073,0.3086340833410716,1,0.343786493751742
11_06_20.csv,11,0.0582689068587828,1157.3413046880837,1160.3340707975783,2.992766109494596,0.25858976063255423,1,0.343786493751742
11_06_20.csv,12,0.063913325408167,1165.8880513666736,1168.462483006435,2.5744316397613147,0.2208129362629219,1,0.343786493751742
11_06_20.csv,13,0.0695260597573401,1173.2566255140482,1175.477832538876,2.2212070248278906,0.18931979385624143,1,0.343786493751742
11_06_20.csv,14,0.0751074739796861,1179.669008352902,1181.5244526916094,1.855444338707457,0.1572851643613235,1,0.343786493751742
11_06_20.csv,15,0.0806579019727236,1185.2297463203477,1186.7553122367226,1.5255659163749442,0.12871478471673536,1,0.343786493751742
11_06_20.csv,16,0.0861776995220419,1190.060992674109,1191.2877749046966,1.2267822305875598,0.10308566015855515,1,0.343786493751742
11_06_20.csv,17,0.0916671892871969,1194.2635184874052,1195.1972323553036,0.9337138678984047,0.07818323623256952,1,0.343786493751742
11_06_20.csv,18,0.0971267089999163,1197.9054759540013,1198.5396102302475,0.6341342762461863,0.05293692106559304,1,0.343786493751742
11_06_20.csv,19,0.1025565908534479,1201.0354844819576,1201.4196055766788,0.3841210947211948,0.03198249341374603,1,0.343786493751742
11_06_20.csv,20,0.1079571415585973,1203.7218755526865,1203.8336563144112,0.11178076172473084,0.009286261552188452,1,0.343786493751742
11_06_20.csv,21,0.1133286829121737,1205.9688838306602,1205.8537666434358,0.11511718722431397,0.009545618362776806,1,0.343786493751742
11_06_20.csv,22,0.1186715315172836,1207.8431032480769,1207.4899911868945,0.3531120611824008,0.029234927966457554,1,0.343786493751742
11_06_20.csv,23,0.1239859791491398,1209.3665060717976,1208.7562873221832,0.6102187496144325,0.050457718694104876,1,0.343786493751742
11_06_20.csv,24,0.1292723326662926,1210.5377722014782,1209.8716857054897,0.6660864959885657,0.055024015878267385,1,0.343786493751742
11_06_20.csv,25,0.134530887539002,1211.4162541780024,1209.8716857054897,1.5445684725127649,0.12750105235799566,1,0.343786493751742
11_06_20.csv,26,0.1397619475581712,1212.0220949049726,1209.8716857054897,2.150409199482965,0.17742326716012266,1,0.343786493751742
11_06_20.csv,27,0.1449657730344857,1212.3891527897176,1209.8716857054897,2.517467084227974,0.20764513427353426,1,0.343786493751742
11_06_20.csv,28,0.1501426588400785,1212.5739511811844,1209.8716857054897,2.7022654756947304,0.22285366373427518,1,0.343786493751742
12_06_500.csv,1,0.0,0.0,0.0,0.0,,0,0.6069348533238494
12_06_500.csv,2,0.0059820717293904,400.9611510827988,408.40686507244254,7.445713989643764,1.8569664341636476,1,0.6069348533238494
12_06_500.csv,3,0.011928570968345,666.9695205765579,701.2833867910322,34.313866214474274,5.144742773974417,1,0.6069348533238494
12_06_500.csv,4,0.0178399173671714,761.3090377506005,778.088453875524,16.7794161249235,2.204021664382279,1,0.6069348533238494
12_06_500.csv,5,0.0237165268210428,792.0636251613646,796.1744376622021,4.110812500837483,0.5190002886447411,1,0.6069348533238494
12_06_500.csv,6,0.0295588015905227,805.566431970676,806.4871704954672,0.9207385247912043,0.11429703228060038,1,0.6069348533238494
12_06_500.csv,7,0.0353671423414218,813.1022338911271,812.9220214890529,0.18021240207417577,0.022163560074329583,1,0.6069348533238494
12_06_500.csv,8,0.0411419427877547,817.7107079296627,816.9468247513669,0.7638831782958277,0.09341728937730077,1,0.6069348533238494
12_06_500.csv,9,0.046883586296973,820.5174129243228,819.3497986660454,1.1676142582773537,0.1423021912619719,1,0.6069348533238494
12_06_500.csv,10,0.0525924514481166,822.0964559265062,820.6144614177008,1.4819945088054283,0.18027014933852428,1,0.6069348533238494
12_06_500.csv,11,0.0582689068587828,822.790256527371,821.0579225451877,1.7323339821832633,0.21054381337653033,1,0.6069348533238494
12_06_500.csv,12,0.063913325408167,822.8272730393828,820.8869500419869,1.9403229973959242,0.23581170203908092,1,0.6069348533238494
12_06_500.csv,13,0.0695260597573401,822.3595679348364,820.2417398159596,2.117828118876787,0.2575306716738539,1,0.6069348533238494
12_06_500.csv,14,0.0751074739796861,821.4909408015833,819.2226271995642,2.268313602019134,0.2761215601240581,1,0.6069348533238494
12_06_500.csv,15,0.0806579019727236,820.3044283422214,817.9061180419926,2.398310300228786,0.292368322950006,1,0.6069348533238494
12_06_500.csv,16,0.0861776995220419,818.8599746104992,816.347998283898,2.5119763266011432,0.30676506417302857,1,0.6069348533238494
12_06_500.csv,17,0.0916671892871969,817.2006524776634,814.5852100928596,2.6154423848038277,0.32004898391528336,1,0.6069348533238494
12_06_500.csv,18,0.0971267089999163,815.3606107713858,812.655518246771,2.7050925246148836,0.33176639745396636,1,0.6069348533238494
12_06_500.csv,19,0.1025565908534479,813.3772972225229,810.5785557603685,2.7987414621543394,0.3440889574507835,1,0.6069348533238494
12_06_500.csv,20,0.1079571415585973,811.258057294383,808.3777308782132,2.880326416169737,0.3550444140765614,1,0.6069348533238494
12_06_500.csv,21,0.1133286829121737,809.0217851719058,806.0626445539924,2.959140617913363,0.3657677298868518,1,0.6069348533238494
12_06_500.csv,22,0.1186715315172836,806.68161729658,803.6545301329288,3.027087163651231,0.3752517844395491,1,0.6069348533238494
12_06_500.csv,23,0.1239859791491398,804.2598827926086,801.1640866519865,3.095796140622042,0.3849248491510726,1,0.6069348533238494
12_06_500.csv,24,0.1292723326662926,801.758921636645,798.5987906647997,3.1601309718453194,0.39414977327529915,1,0.6069348533238494
12_06_500.csv,25,0.134530887539002,799.1932007476134,795.9817754720461,3.211425275567308,0.40183340806242435,1,0.6069348533238494
12_06_500.csv,26,0.1397619475581712,796.584873513475,793.3102793802918,3.2745941331832,0.41107912566052596,1,0.6069348533238494
12_06_500.csv,27,0.1449657730344857,793.911648206582,790.5768591347969,3.3347890717850532,0.42004536390393343,1,0.6069348533238494
12_06_500.csv,28,0.1501426588400785,791.1830624584582,787.805361651408,3.3777008070501324,0.4269177346333146,1,0.6069348533238494
15_06_800.csv,1,0.0,0.0,0.0,0.0,,0,1.9487909473002898
15_06_800.csv,2,0.0059820717293904,181.3787176607704,198.51801899222536,17.13930133145496,9.44945556595582,1,1.9487909473002898
15_06_800.csv,3,0.011928570968345,203.83626607325576,205.14475044839065,1.3084843751348956,0.6419291327994822,1,1.9487909473002898
15_06_800.csv,4,0.0178399173671714,206.98243905143767,206.3582274735437,0.6242115778939592,0.30157707134702133,1,1.9487909473002898
15_06_800.csv,5,0.0237165268210428,207.2625312922249,205.95289066695813,1.3096406252667805,0.6318752439727195,1,1.9487909473002898
15_06_800.csv,6,0.0295588015905227,206.49375108627123,204.78751497288007,1.7062361133911566,0.8262894661051058,1,1.9487909473002898
15_06_800.csv,7,0.0353671423414218,205.160343076896,203.1800617077879,1.9802813691080985,0.9652359415122788,1,1.9487909473002898
15_06_800.csv,8,0.0411419427877547,203.47088325124616,201.27789109545543,2.1929921557907335,1.0777916332543873,1,1.9487909473002898
15_06_800.csv,9,0.046883586296973,201.52936384976465,199.16117744745463,2.368186402310016,1.1751073675176402,1,1.9487909473002898
15_06_800.csv,10,0.0525924514481166,199.3956482142048,196.8747393363429,2.520908877861899,1.2642747725134713,1,1.9487909473002898
15_06_800.csv,11,0.0582689068587828,197.10630102015372,194.4444775982285,2.66182342192522,1.3504507000276234,1,1.9487909473002898
15_06_800.csv,12,0.063913325408167,194.69075838805315,191.89524105500664,2.7955173330465186,1.4358757221925027,1,1.9487909473002898
15_06_800.csv,13,0.0695260597573401,192.16741692486085,189.23943841770145,2.927978507159395,1.5236602302378142,1,1.9487909473002898
15_06_800.csv,14,0.0751074739796861,189.54553180762707,186.48572644417243,3.059805363454643,1.6142851452494753,1,1.9487909473002898
15_06_800.csv,15,0.0806579019727236,186.8301190675081,183.6453397739604,3.184779293547706,1.7046391178485183,1,1.9487909473002898
15_06_800.csv,16,0.0861776995220419,184.03534713091767,180.73003721406712,3.305309916850547,1.7960190628484214,1,1.9487909473002898
15_06_800.csv,17,0.0916671892871969,181.1678502355926,177.74601099958886,3.421839236003734,1.8887673676946202,1,1.9487909473002898
15_06_800.csv,18,0.0971267089999163,178.23420678379625,174.721649050618,3.512557733178255,1.9707539851983067,1,1.9487909473002898
15_06_800.csv,19,0.1025565908534479,175.25301777708637,171.67397962106463,3.5790381560217384,2.0422119980690474,1,1.9487909473002898
15_06_800.csv,20,0.1079571415585973,172.2462156159055,168.61063813158012,3.635577484325381,2.1106864213681256,1,1.9487909473002898
15_06_800.csv,21,0.1133286829121737,169.23062215331527,165.53820761137672,3.692414541938547,2.181883216498127,1,1.9487909473002898
15_06_800.csv,22,0.1186715315172836,166.20863762824138,162.47967323554371,3.7289643926976623,2.243544286211064,1,1.9487909473002898
15_06_800.csv,23,0.1239859791491398,163.18872676456476,159.44645595394104,3.7422708106237224,2.2932165014209356,1,1.9487909473002898
15_06_800.csv,24,0.1292723326662926,160.18907547162212,156.44640019002304,3.7426752815990767,2.3364110633512585,1,1.9487909473002898
15_06_800.csv,25,0.134530887539002,157.22647424570823,153.4828487777122,3.7436254679960257,2.3810401434974713,1,1.9487909473002898
15_06_800.csv,26,0.1397619475581712,154.30378116474867,150.5604553396829,3.7433258250657673,2.4259456228548633,1,1.9487909473002898
15_06_800.csv,27,0.1449657730344857,151.41732055098578,147.67672495951615,3.740595591469628,2.470388181390438,1,1.9487909473002898
15_06_800.csv,28,0.1501426588400785,148.57660095208303,144.84132485802093,3.735276094062101,2.514040616171286,1,1.9487909473002898
